Record Length,2.500000e+03,,  -0.000025000000,  -7.60000,
Sample Interval,2.000000e-08,,  -0.000024980000,  -7.60000,
Trigger Point,1.250000000000e+03,,  -0.000024960000,  -6.80000,
,,,  -0.000024940000,  -6.80000,
,,,  -0.000024920000,  -6.40000,
,,,  -0.000024900000,  -6.00000,
Source,CH1,,  -0.000024880000,  -5.40000,
Vertical Units,V,,  -0.000024860000,  -5.20000,
Vertical Scale,5.000000e+00,,  -0.000024840000,  -4.80000,
Vertical Offset,0.000000e+00,,  -0.000024820000,  -4.60000,
Horizontal Units,s,,  -0.000024800000,  -4.20000,
Horizontal Scale,5.000000e-06,,  -0.000024780000,  -3.80000,
Pt Fmt,Y,,  -0.000024760000,  -3.20000,
Yzero,0.000000e+00,,  -0.000024740000,  -2.80000,
Probe Atten,1.000000e+00,,  -0.000024720000,  -2.40000,
Model Number,TBS1052B-EDU,,  -0.000024700000,  -2.20000,
Serial Number,C027597,,  -0.000024680000,  -1.40000,
Firmware Version,FV:v4.06,,  -0.000024660000,  -1.20000,
,,,-00.000024640000,  -0.80000,
,,,-00.000024620000,  -0.40000,
,,,-00.000024600000,   0.20000,
,,,-00.000024580000,   0.40000,
,,,-00.000024560000,   1.20000,
,,,-00.000024540000,   1.60000,
,,,-00.000024520000,   1.80000,
,,,-00.000024500000,   2.20000,
,,,-00.000024480000,   3.00000,
,,,-00.000024460000,   3.00000,
,,,-00.000024440000,   3.60000,
,,,-00.000024420000,   4.00000,
,,,-00.000024400000,   4.40000,
,,,-00.000024380000,   4.80000,
,,,-00.000024360000,   5.00000,
,,,-00.000024340000,   5.40000,
,,,-00.000024320000,   5.60000,
,,,-00.000024300000,   6.00000,
,,,-00.000024280000,   6.40000,
,,,-00.000024260000,   6.80000,
,,,-00.000024240000,   7.00000,
,,,-00.000024220000,   7.60000,
,,,-00.000024200000,   7.80000,
,,,-00.000024180000,   8.00000,
,,,-00.000024160000,   8.20000,
,,,-00.000024140000,   8.60000,
,,,-00.000024120000,   8.60000,
,,,-00.000024100000,   9.00000,
,,,-00.000024080000,   9.20000,
,,,-00.000024060000,   9.60000,
,,,-00.000024040000,   9.60000,
,,,-00.000024020000,  10.00000,
,,,-00.000024000000,  10.00000,
,,,-00.000023980000,  10.20000,
,,,-00.000023960000,  10.20000,
,,,-00.000023940000,  10.40000,
,,,-00.000023920000,  10.40000,
,,,-00.000023900000,  10.40000,
,,,-00.000023880000,  10.60000,
,,,-00.000023860000,  10.40000,
,,,-00.000023840000,  10.60000,
,,,-00.000023820000,  10.60000,
,,,-00.000023800000,  10.60000,
,,,-00.000023780000,  10.60000,
,,,-00.000023760000,  10.60000,
,,,-00.000023740000,  10.40000,
,,,-00.000023720000,  10.40000,
,,,-00.000023700000,  10.00000,
,,,-00.000023680000,  10.20000,
,,,-00.000023660000,  10.00000,
,,,-00.000023640000,   9.80000,
,,,-00.000023620000,   9.60000,
,,,-00.000023600000,   9.40000,
,,,-00.000023580000,   9.00000,
,,,-00.000023560000,   9.00000,
,,,-00.000023540000,   9.00000,
,,,-00.000023520000,   8.40000,
,,,-00.000023500000,   8.20000,
,,,-00.000023480000,   8.00000,
,,,-00.000023460000,   7.80000,
,,,-00.000023440000,   7.40000,
,,,-00.000023420000,   7.20000,
,,,-00.000023400000,   7.00000,
,,,-00.000023380000,   6.60000,
,,,-00.000023360000,   6.00000,
,,,-00.000023340000,   5.80000,
,,,-00.000023320000,   5.20000,
,,,-00.000023300000,   5.00000,
,,,-00.000023280000,   4.80000,
,,,-00.000023260000,   4.60000,
,,,-00.000023240000,   3.80000,
,,,-00.000023220000,   3.40000,
,,,-00.000023200000,   3.40000,
,,,-00.000023180000,   2.80000,
,,,-00.000023160000,   2.40000,
,,,-00.000023140000,   1.80000,
,,,-00.000023120000,   1.40000,
,,,-00.000023100000,   1.20000,
,,,-00.000023080000,   0.60000,
,,,-00.000023060000,   0.20000,
,,,-00.000023040000,  -0.20000,
,,,-00.000023020000,  -0.60000,
,,,-00.000023000000,  -1.00000,
,,,-00.000022980000,  -1.40000,
,,,-00.000022960000,  -1.80000,
,,,-00.000022940000,  -2.20000,
,,,-00.000022920000,  -2.80000,
,,,-00.000022900000,  -3.00000,
,,,-00.000022880000,  -3.40000,
,,,-00.000022860000,  -3.80000,
,,,-00.000022840000,  -4.40000,
,,,-00.000022820000,  -5.00000,
,,,-00.000022800000,  -5.20000,
,,,-00.000022780000,  -5.60000,
,,,-00.000022760000,  -5.80000,
,,,-00.000022740000,  -6.20000,
,,,-00.000022720000,  -6.60000,
,,,-00.000022700000,  -6.60000,
,,,-00.000022680000,  -7.20000,
,,,-00.000022660000,  -7.40000,
,,,-00.000022640000,  -7.80000,
,,,-00.000022620000,  -7.80000,
,,,-00.000022600000,  -8.20000,
,,,-00.000022580000,  -8.80000,
,,,-00.000022560000,  -8.60000,
,,,-00.000022540000,  -9.00000,
,,,-00.000022520000,  -9.20000,
,,,-00.000022500000,  -9.20000,
,,,-00.000022480000,  -9.60000,
,,,-00.000022460000,  -9.80000,
,,,-00.000022440000,  -9.80000,
,,,-00.000022420000, -10.00000,
,,,-00.000022400000, -10.20000,
,,,-00.000022380000, -10.20000,
,,,-00.000022360000, -10.20000,
,,,-00.000022340000, -10.20000,
,,,-00.000022320000, -10.40000,
,,,-00.000022300000, -10.40000,
,,,-00.000022280000, -10.40000,
,,,-00.000022260000, -10.40000,
,,,-00.000022240000, -10.40000,
,,,-00.000022220000, -10.40000,
,,,-00.000022200000, -10.00000,
,,,-00.000022180000, -10.40000,
,,,-00.000022160000, -10.00000,
,,,-00.000022140000,  -9.80000,
,,,-00.000022120000, -10.00000,
,,,-00.000022100000,  -9.60000,
,,,-00.000022080000,  -9.60000,
,,,-00.000022060000,  -9.40000,
,,,-00.000022040000,  -9.20000,
,,,-00.000022020000,  -9.00000,
,,,-00.000022000000,  -8.60000,
,,,-00.000021980000,  -8.60000,
,,,-00.000021960000,  -8.40000,
,,,-00.000021940000,  -8.20000,
,,,-00.000021920000,  -7.80000,
,,,-00.000021900000,  -7.40000,
,,,-00.000021880000,  -7.20000,
,,,-00.000021860000,  -7.00000,
,,,-00.000021840000,  -6.80000,
,,,-00.000021820000,  -6.40000,
,,,-00.000021800000,  -5.80000,
,,,-00.000021780000,  -5.60000,
,,,-00.000021760000,  -5.20000,
,,,-00.000021740000,  -4.60000,
,,,-00.000021720000,  -4.40000,
,,,-00.000021700000,  -4.20000,
,,,-00.000021680000,  -3.60000,
,,,-00.000021660000,  -3.20000,
,,,-00.000021640000,  -2.60000,
,,,-00.000021620000,  -2.40000,
,,,-00.000021600000,  -2.00000,
,,,-00.000021580000,  -1.60000,
,,,-00.000021560000,  -1.00000,
,,,-00.000021540000,  -0.80000,
,,,-00.000021520000,  -0.20000,
,,,-00.000021500000,   0.20000,
,,,-00.000021480000,   0.60000,
,,,-00.000021460000,   1.20000,
,,,-00.000021440000,   1.40000,
,,,-00.000021420000,   2.00000,
,,,-00.000021400000,   2.20000,
,,,-00.000021380000,   2.60000,
,,,-00.000021360000,   3.20000,
,,,-00.000021340000,   3.60000,
,,,-00.000021320000,   3.60000,
,,,-00.000021300000,   4.20000,
,,,-00.000021280000,   5.00000,
,,,-00.000021260000,   5.00000,
,,,-00.000021240000,   5.20000,
,,,-00.000021220000,   5.80000,
,,,-00.000021200000,   6.40000,
,,,-00.000021180000,   6.60000,
,,,-00.000021160000,   6.60000,
,,,-00.000021140000,   7.20000,
,,,-00.000021120000,   7.60000,
,,,-00.000021100000,   7.60000,
,,,-00.000021080000,   7.80000,
,,,-00.000021060000,   8.20000,
,,,-00.000021040000,   8.60000,
,,,-00.000021020000,   8.80000,
,,,-00.000021000000,   9.00000,
,,,-00.000020980000,   9.40000,
,,,-00.000020960000,   9.40000,
,,,-00.000020940000,   9.60000,
,,,-00.000020920000,   9.80000,
,,,-00.000020900000,  10.20000,
,,,-00.000020880000,  10.00000,
,,,-00.000020860000,  10.00000,
,,,-00.000020840000,  10.20000,
,,,-00.000020820000,  10.20000,
,,,-00.000020800000,  10.20000,
,,,-00.000020780000,  10.60000,
,,,-00.000020760000,  10.60000,
,,,-00.000020740000,  10.40000,
,,,-00.000020720000,  10.60000,
,,,-00.000020700000,  10.60000,
,,,-00.000020680000,  10.40000,
,,,-00.000020660000,  10.60000,
,,,-00.000020640000,  10.40000,
,,,-00.000020620000,  10.20000,
,,,-00.000020600000,  10.20000,
,,,-00.000020580000,  10.20000,
,,,-00.000020560000,  10.00000,
,,,-00.000020540000,   9.60000,
,,,-00.000020520000,   9.80000,
,,,-00.000020500000,   9.40000,
,,,-00.000020480000,   9.20000,
,,,-00.000020460000,   9.00000,
,,,-00.000020440000,   8.60000,
,,,-00.000020420000,   8.40000,
,,,-00.000020400000,   8.20000,
,,,-00.000020380000,   8.00000,
,,,-00.000020360000,   7.60000,
,,,-00.000020340000,   7.40000,
,,,-00.000020320000,   7.00000,
,,,-00.000020300000,   6.60000,
,,,-00.000020280000,   6.60000,
,,,-00.000020260000,   6.00000,
,,,-00.000020240000,   5.60000,
,,,-00.000020220000,   5.40000,
,,,-00.000020200000,   5.00000,
,,,-00.000020180000,   4.60000,
,,,-00.000020160000,   4.20000,
,,,-00.000020140000,   3.80000,
,,,-00.000020120000,   3.40000,
,,,-00.000020100000,   3.00000,
,,,-00.000020080000,   2.40000,
,,,-00.000020060000,   2.40000,
,,,-00.000020040000,   1.80000,
,,,-00.000020020000,   1.60000,
,,,-00.000020000000,   1.00000,
,,,-00.000019980000,   0.60000,
,,,-00.000019960000,  -0.20000,
,,,-00.000019940000,  -0.40000,
,,,-00.000019920000,  -0.80000,
,,,-00.000019900000,  -1.40000,
,,,-00.000019880000,  -1.60000,
,,,-00.000019860000,  -2.00000,
,,,-00.000019840000,  -2.40000,
,,,-00.000019820000,  -2.60000,
,,,-00.000019800000,  -3.20000,
,,,-00.000019780000,  -3.60000,
,,,-00.000019760000,  -4.00000,
,,,-00.000019740000,  -4.40000,
,,,-00.000019720000,  -5.00000,
,,,-00.000019700000,  -5.20000,
,,,-00.000019680000,  -5.60000,
,,,-00.000019660000,  -6.00000,
,,,-00.000019640000,  -6.60000,
,,,-00.000019620000,  -6.60000,
,,,-00.000019600000,  -7.00000,
,,,-00.000019580000,  -7.20000,
,,,-00.000019560000,  -7.80000,
,,,-00.000019540000,  -7.80000,
,,,-00.000019520000,  -8.20000,
,,,-00.000019500000,  -8.40000,
,,,-00.000019480000,  -8.80000,
,,,-00.000019460000,  -8.80000,
,,,-00.000019440000,  -9.00000,
,,,-00.000019420000,  -9.20000,
,,,-00.000019400000,  -9.60000,
,,,-00.000019380000,  -9.60000,
,,,-00.000019360000,  -9.80000,
,,,-00.000019340000, -10.00000,
,,,-00.000019320000, -10.20000,
,,,-00.000019300000, -10.00000,
,,,-00.000019280000, -10.40000,
,,,-00.000019260000, -10.40000,
,,,-00.000019240000, -10.40000,
,,,-00.000019220000, -10.40000,
,,,-00.000019200000, -10.40000,
,,,-00.000019180000, -10.60000,
,,,-00.000019160000, -10.40000,
,,,-00.000019140000, -10.40000,
,,,-00.000019120000, -10.40000,
,,,-00.000019100000, -10.20000,
,,,-00.000019080000, -10.20000,
,,,-00.000019060000, -10.20000,
,,,-00.000019040000, -10.20000,
,,,-00.000019020000,  -9.80000,
,,,-00.000019000000,  -9.80000,
,,,-00.000018980000,  -9.80000,
,,,-00.000018960000,  -9.60000,
,,,-00.000018940000,  -9.20000,
,,,-00.000018920000,  -8.80000,
,,,-00.000018900000,  -8.60000,
,,,-00.000018880000,  -8.60000,
,,,-00.000018860000,  -8.40000,
,,,-00.000018840000,  -8.20000,
,,,-00.000018820000,  -7.80000,
,,,-00.000018800000,  -7.60000,
,,,-00.000018780000,  -7.20000,
,,,-00.000018760000,  -6.80000,
,,,-00.000018740000,  -6.60000,
,,,-00.000018720000,  -6.20000,
,,,-00.000018700000,  -5.60000,
,,,-00.000018680000,  -5.60000,
,,,-00.000018660000,  -4.80000,
,,,-00.000018640000,  -4.80000,
,,,-00.000018620000,  -4.20000,
,,,-00.000018600000,  -3.80000,
,,,-00.000018580000,  -3.40000,
,,,-00.000018560000,  -3.00000,
,,,-00.000018540000,  -2.60000,
,,,-00.000018520000,  -2.20000,
,,,-00.000018500000,  -2.00000,
,,,-00.000018480000,  -1.60000,
,,,-00.000018460000,  -1.20000,
,,,-00.000018440000,  -0.60000,
,,,-00.000018420000,  -0.20000,
,,,-00.000018400000,   0.20000,
,,,-00.000018380000,   0.80000,
,,,-00.000018360000,   1.20000,
,,,-00.000018340000,   1.60000,
,,,-00.000018320000,   1.80000,
,,,-00.000018300000,   2.40000,
,,,-00.000018280000,   2.80000,
,,,-00.000018260000,   3.20000,
,,,-00.000018240000,   3.60000,
,,,-00.000018220000,   4.00000,
,,,-00.000018200000,   4.40000,
,,,-00.000018180000,   4.80000,
,,,-00.000018160000,   5.20000,
,,,-00.000018140000,   5.80000,
,,,-00.000018120000,   6.00000,
,,,-00.000018100000,   6.20000,
,,,-00.000018080000,   6.80000,
,,,-00.000018060000,   7.00000,
,,,-00.000018040000,   7.40000,
,,,-00.000018020000,   7.40000,
,,,-00.000018000000,   7.80000,
,,,-00.000017980000,   8.20000,
,,,-00.000017960000,   8.20000,
,,,-00.000017940000,   8.60000,
,,,-00.000017920000,   8.80000,
,,,-00.000017900000,   9.00000,
,,,-00.000017880000,   9.20000,
,,,-00.000017860000,   9.60000,
,,,-00.000017840000,   9.60000,
,,,-00.000017820000,  10.00000,
,,,-00.000017800000,  10.00000,
,,,-00.000017780000,  10.20000,
,,,-00.000017760000,  10.20000,
,,,-00.000017740000,  10.40000,
,,,-00.000017720000,  10.20000,
,,,-00.000017700000,  10.40000,
,,,-00.000017680000,  10.60000,
,,,-00.000017660000,  10.40000,
,,,-00.000017640000,  10.20000,
,,,-00.000017620000,  10.60000,
,,,-00.000017600000,  10.60000,
,,,-00.000017580000,  10.60000,
,,,-00.000017560000,  10.40000,
,,,-00.000017540000,  10.40000,
,,,-00.000017520000,  10.00000,
,,,-00.000017500000,  10.20000,
,,,-00.000017480000,  10.00000,
,,,-00.000017460000,  10.20000,
,,,-00.000017440000,   9.80000,
,,,-00.000017420000,   9.60000,
,,,-00.000017400000,   9.60000,
,,,-00.000017380000,   9.20000,
,,,-00.000017360000,   9.00000,
,,,-00.000017340000,   8.80000,
,,,-00.000017320000,   8.40000,
,,,-00.000017300000,   8.20000,
,,,-00.000017280000,   7.80000,
,,,-00.000017260000,   7.80000,
,,,-00.000017240000,   7.40000,
,,,-00.000017220000,   6.60000,
,,,-00.000017200000,   6.60000,
,,,-00.000017180000,   6.20000,
,,,-00.000017160000,   6.20000,
,,,-00.000017140000,   5.60000,
,,,-00.000017120000,   5.40000,
,,,-00.000017100000,   4.80000,
,,,-00.000017080000,   4.60000,
,,,-00.000017060000,   4.20000,
,,,-00.000017040000,   3.60000,
,,,-00.000017020000,   3.20000,
,,,-00.000017000000,   3.20000,
,,,-00.000016980000,   2.40000,
,,,-00.000016960000,   2.20000,
,,,-00.000016940000,   1.80000,
,,,-00.000016920000,   1.40000,
,,,-00.000016900000,   0.80000,
,,,-00.000016880000,   0.40000,
,,,-00.000016860000,   0.00000,
,,,-00.000016840000,  -0.40000,
,,,-00.000016820000,  -0.80000,
,,,-00.000016800000,  -1.20000,
,,,-00.000016780000,  -1.60000,
,,,-00.000016760000,  -1.80000,
,,,-00.000016740000,  -2.40000,
,,,-00.000016720000,  -2.80000,
,,,-00.000016700000,  -3.20000,
,,,-00.000016680000,  -3.40000,
,,,-00.000016660000,  -4.20000,
,,,-00.000016640000,  -4.60000,
,,,-00.000016620000,  -4.80000,
,,,-00.000016600000,  -5.20000,
,,,-00.000016580000,  -5.60000,
,,,-00.000016560000,  -5.80000,
,,,-00.000016540000,  -6.40000,
,,,-00.000016520000,  -6.60000,
,,,-00.000016500000,  -7.00000,
,,,-00.000016480000,  -7.40000,
,,,-00.000016460000,  -7.80000,
,,,-00.000016440000,  -8.00000,
,,,-00.000016420000,  -8.00000,
,,,-00.000016400000,  -8.40000,
,,,-00.000016380000,  -8.80000,
,,,-00.000016360000,  -9.20000,
,,,-00.000016340000,  -9.20000,
,,,-00.000016320000,  -9.40000,
,,,-00.000016300000,  -9.60000,
,,,-00.000016280000,  -9.60000,
,,,-00.000016260000,  -9.80000,
,,,-00.000016240000, -10.00000,
,,,-00.000016220000, -10.20000,
,,,-00.000016200000, -10.00000,
,,,-00.000016180000, -10.00000,
,,,-00.000016160000, -10.20000,
,,,-00.000016140000, -10.20000,
,,,-00.000016120000, -10.40000,
,,,-00.000016100000, -10.20000,
,,,-00.000016080000, -10.40000,
,,,-00.000016060000, -10.20000,
,,,-00.000016040000, -10.60000,
,,,-00.000016020000, -10.40000,
,,,-00.000016000000, -10.40000,
,,,-00.000015980000, -10.20000,
,,,-00.000015960000, -10.20000,
,,,-00.000015940000, -10.00000,
,,,-00.000015920000,  -9.80000,
,,,-00.000015900000,  -9.80000,
,,,-00.000015880000,  -9.60000,
,,,-00.000015860000,  -9.40000,
,,,-00.000015840000,  -9.00000,
,,,-00.000015820000,  -9.00000,
,,,-00.000015800000,  -8.80000,
,,,-00.000015780000,  -8.60000,
,,,-00.000015760000,  -8.20000,
,,,-00.000015740000,  -8.20000,
,,,-00.000015720000,  -7.60000,
,,,-00.000015700000,  -7.40000,
,,,-00.000015680000,  -7.00000,
,,,-00.000015660000,  -6.80000,
,,,-00.000015640000,  -6.60000,
,,,-00.000015620000,  -5.80000,
,,,-00.000015600000,  -5.80000,
,,,-00.000015580000,  -5.40000,
,,,-00.000015560000,  -4.80000,
,,,-00.000015540000,  -4.60000,
,,,-00.000015520000,  -4.20000,
,,,-00.000015500000,  -3.80000,
,,,-00.000015480000,  -3.20000,
,,,-00.000015460000,  -3.00000,
,,,-00.000015440000,  -2.60000,
,,,-00.000015420000,  -2.20000,
,,,-00.000015400000,  -1.80000,
,,,-00.000015380000,  -1.40000,
,,,-00.000015360000,  -1.00000,
,,,-00.000015340000,  -0.40000,
,,,-00.000015320000,  -0.20000,
,,,-00.000015300000,   0.20000,
,,,-00.000015280000,   0.80000,
,,,-00.000015260000,   1.00000,
,,,-00.000015240000,   1.60000,
,,,-00.000015220000,   2.20000,
,,,-00.000015200000,   2.40000,
,,,-00.000015180000,   3.00000,
,,,-00.000015160000,   3.20000,
,,,-00.000015140000,   3.60000,
,,,-00.000015120000,   4.00000,
,,,-00.000015100000,   4.40000,
,,,-00.000015080000,   4.60000,
,,,-00.000015060000,   5.20000,
,,,-00.000015040000,   5.60000,
,,,-00.000015020000,   5.80000,
,,,-00.000015000000,   6.20000,
,,,-00.000014980000,   6.80000,
,,,-00.000014960000,   7.00000,
,,,-00.000014940000,   7.20000,
,,,-00.000014920000,   7.40000,
,,,-00.000014900000,   7.80000,
,,,-00.000014880000,   8.20000,
,,,-00.000014860000,   8.20000,
,,,-00.000014840000,   8.60000,
,,,-00.000014820000,   8.80000,
,,,-00.000014800000,   9.00000,
,,,-00.000014780000,   9.40000,
,,,-00.000014760000,   9.40000,
,,,-00.000014740000,   9.80000,
,,,-00.000014720000,   9.80000,
,,,-00.000014700000,  10.20000,
,,,-00.000014680000,  10.00000,
,,,-00.000014660000,  10.40000,
,,,-00.000014640000,  10.40000,
,,,-00.000014620000,  10.20000,
,,,-00.000014600000,  10.20000,
,,,-00.000014580000,  10.40000,
,,,-00.000014560000,  10.60000,
,,,-00.000014540000,  10.20000,
,,,-00.000014520000,  10.60000,
,,,-00.000014500000,  10.60000,
,,,-00.000014480000,  10.40000,
,,,-00.000014460000,  10.40000,
,,,-00.000014440000,  10.20000,
,,,-00.000014420000,  10.20000,
,,,-00.000014400000,  10.20000,
,,,-00.000014380000,  10.00000,
,,,-00.000014360000,   9.60000,
,,,-00.000014340000,   9.80000,
,,,-00.000014320000,   9.60000,
,,,-00.000014300000,   9.20000,
,,,-00.000014280000,   9.20000,
,,,-00.000014260000,   8.80000,
,,,-00.000014240000,   8.60000,
,,,-00.000014220000,   8.60000,
,,,-00.000014200000,   8.00000,
,,,-00.000014180000,   7.80000,
,,,-00.000014160000,   7.60000,
,,,-00.000014140000,   7.20000,
,,,-00.000014120000,   7.00000,
,,,-00.000014100000,   6.80000,
,,,-00.000014080000,   6.40000,
,,,-00.000014060000,   6.00000,
,,,-00.000014040000,   5.60000,
,,,-00.000014020000,   5.20000,
,,,-00.000014000000,   5.00000,
,,,-00.000013980000,   4.40000,
,,,-00.000013960000,   4.00000,
,,,-00.000013940000,   3.80000,
,,,-00.000013920000,   3.40000,
,,,-00.000013900000,   3.00000,
,,,-00.000013880000,   2.40000,
,,,-00.000013860000,   2.00000,
,,,-00.000013840000,   1.60000,
,,,-00.000013820000,   1.20000,
,,,-00.000013800000,   0.60000,
,,,-00.000013780000,   0.40000,
,,,-00.000013760000,  -0.40000,
,,,-00.000013740000,  -0.60000,
,,,-00.000013720000,  -1.00000,
,,,-00.000013700000,  -1.40000,
,,,-00.000013680000,  -1.80000,
,,,-00.000013660000,  -2.20000,
,,,-00.000013640000,  -2.40000,
,,,-00.000013620000,  -3.00000,
,,,-00.000013600000,  -3.60000,
,,,-00.000013580000,  -4.00000,
,,,-00.000013560000,  -4.60000,
,,,-00.000013540000,  -4.60000,
,,,-00.000013520000,  -5.00000,
,,,-00.000013500000,  -5.20000,
,,,-00.000013480000,  -5.80000,
,,,-00.000013460000,  -6.20000,
,,,-00.000013440000,  -6.60000,
,,,-00.000013420000,  -7.00000,
,,,-00.000013400000,  -7.40000,
,,,-00.000013380000,  -7.40000,
,,,-00.000013360000,  -7.60000,
,,,-00.000013340000,  -7.80000,
,,,-00.000013320000,  -8.40000,
,,,-00.000013300000,  -8.20000,
,,,-00.000013280000,  -8.60000,
,,,-00.000013260000,  -8.80000,
,,,-00.000013240000,  -9.20000,
,,,-00.000013220000,  -9.20000,
,,,-00.000013200000,  -9.60000,
,,,-00.000013180000,  -9.80000,
,,,-00.000013160000, -10.00000,
,,,-00.000013140000, -10.00000,
,,,-00.000013120000, -10.00000,
,,,-00.000013100000, -10.40000,
,,,-00.000013080000, -10.20000,
,,,-00.000013060000, -10.40000,
,,,-00.000013040000, -10.40000,
,,,-00.000013020000, -10.40000,
,,,-00.000013000000, -10.40000,
,,,-00.000012980000, -10.20000,
,,,-00.000012960000, -10.40000,
,,,-00.000012940000, -10.40000,
,,,-00.000012920000, -10.60000,
,,,-00.000012900000, -10.40000,
,,,-00.000012880000, -10.40000,
,,,-00.000012860000, -10.00000,
,,,-00.000012840000, -10.00000,
,,,-00.000012820000, -10.00000,
,,,-00.000012800000,  -9.40000,
,,,-00.000012780000,  -9.40000,
,,,-00.000012760000,  -9.20000,
,,,-00.000012740000,  -9.20000,
,,,-00.000012720000,  -8.60000,
,,,-00.000012700000,  -8.80000,
,,,-00.000012680000,  -8.40000,
,,,-00.000012660000,  -8.20000,
,,,-00.000012640000,  -7.80000,
,,,-00.000012620000,  -7.60000,
,,,-00.000012600000,  -7.20000,
,,,-00.000012580000,  -7.00000,
,,,-00.000012560000,  -6.80000,
,,,-00.000012540000,  -6.40000,
,,,-00.000012520000,  -6.00000,
,,,-00.000012500000,  -5.60000,
,,,-00.000012480000,  -5.40000,
,,,-00.000012460000,  -5.00000,
,,,-00.000012440000,  -4.60000,
,,,-00.000012420000,  -4.20000,
,,,-00.000012400000,  -4.00000,
,,,-00.000012380000,  -3.40000,
,,,-00.000012360000,  -3.00000,
,,,-00.000012340000,  -2.60000,
,,,-00.000012320000,  -2.20000,
,,,-00.000012300000,  -1.60000,
,,,-00.000012280000,  -1.20000,
,,,-00.000012260000,  -1.00000,
,,,-00.000012240000,  -0.40000,
,,,-00.000012220000,   0.00000,
,,,-00.000012200000,   0.40000,
,,,-00.000012180000,   1.20000,
,,,-00.000012160000,   1.20000,
,,,-00.000012140000,   1.80000,
,,,-00.000012120000,   2.40000,
,,,-00.000012100000,   2.80000,
,,,-00.000012080000,   3.00000,
,,,-00.000012060000,   3.20000,
,,,-00.000012040000,   3.80000,
,,,-00.000012020000,   4.20000,
,,,-00.000012000000,   4.60000,
,,,-00.000011980000,   5.00000,
,,,-00.000011960000,   5.40000,
,,,-00.000011940000,   5.40000,
,,,-00.000011920000,   6.00000,
,,,-00.000011900000,   6.60000,
,,,-00.000011880000,   6.80000,
,,,-00.000011860000,   7.20000,
,,,-00.000011840000,   7.60000,
,,,-00.000011820000,   7.80000,
,,,-00.000011800000,   8.20000,
,,,-00.000011780000,   8.00000,
,,,-00.000011760000,   8.40000,
,,,-00.000011740000,   8.80000,
,,,-00.000011720000,   9.00000,
,,,-00.000011700000,   9.20000,
,,,-00.000011680000,   9.60000,
,,,-00.000011660000,   9.80000,
,,,-00.000011640000,   9.60000,
,,,-00.000011620000,   9.80000,
,,,-00.000011600000,  10.00000,
,,,-00.000011580000,  10.20000,
,,,-00.000011560000,  10.40000,
,,,-00.000011540000,  10.20000,
,,,-00.000011520000,  10.60000,
,,,-00.000011500000,  10.60000,
,,,-00.000011480000,  10.60000,
,,,-00.000011460000,  10.60000,
,,,-00.000011440000,  10.40000,
,,,-00.000011420000,  10.40000,
,,,-00.000011400000,  10.40000,
,,,-00.000011380000,  10.60000,
,,,-00.000011360000,  10.40000,
,,,-00.000011340000,  10.20000,
,,,-00.000011320000,  10.40000,
,,,-00.000011300000,  10.00000,
,,,-00.000011280000,   9.80000,
,,,-00.000011260000,   9.60000,
,,,-00.000011240000,   9.40000,
,,,-00.000011220000,   9.60000,
,,,-00.000011200000,   9.00000,
,,,-00.000011180000,   9.00000,
,,,-00.000011160000,   8.60000,
,,,-00.000011140000,   8.60000,
,,,-00.000011120000,   8.20000,
,,,-00.000011100000,   8.20000,
,,,-00.000011080000,   7.60000,
,,,-00.000011060000,   7.40000,
,,,-00.000011040000,   7.20000,
,,,-00.000011020000,   7.00000,
,,,-00.000011000000,   6.80000,
,,,-00.000010980000,   6.20000,
,,,-00.000010960000,   5.80000,
,,,-00.000010940000,   5.40000,
,,,-00.000010920000,   5.20000,
,,,-00.000010900000,   4.80000,
,,,-00.000010880000,   4.20000,
,,,-00.000010860000,   3.80000,
,,,-00.000010840000,   3.60000,
,,,-00.000010820000,   3.20000,
,,,-00.000010800000,   2.60000,
,,,-00.000010780000,   2.80000,
,,,-00.000010760000,   2.00000,
,,,-00.000010740000,   1.60000,
,,,-00.000010720000,   1.00000,
,,,-00.000010700000,   0.60000,
,,,-00.000010680000,   0.40000,
,,,-00.000010660000,   0.00000,
,,,-00.000010640000,  -0.40000,
,,,-00.000010620000,  -0.80000,
,,,-00.000010600000,  -1.40000,
,,,-00.000010580000,  -1.80000,
,,,-00.000010560000,  -2.20000,
,,,-00.000010540000,  -2.80000,
,,,-00.000010520000,  -3.20000,
,,,-00.000010500000,  -3.40000,
,,,-00.000010480000,  -4.00000,
,,,-00.000010460000,  -4.40000,
,,,-00.000010440000,  -4.60000,
,,,-00.000010420000,  -5.00000,
,,,-00.000010400000,  -5.60000,
,,,-00.000010380000,  -6.00000,
,,,-00.000010360000,  -6.20000,
,,,-00.000010340000,  -6.60000,
,,,-00.000010320000,  -6.60000,
,,,-00.000010300000,  -7.20000,
,,,-00.000010280000,  -7.60000,
,,,-00.000010260000,  -7.80000,
,,,-00.000010240000,  -7.80000,
,,,-00.000010220000,  -8.40000,
,,,-00.000010200000,  -8.40000,
,,,-00.000010180000,  -9.00000,
,,,-00.000010160000,  -9.00000,
,,,-00.000010140000,  -9.00000,
,,,-00.000010120000,  -9.20000,
,,,-00.000010100000,  -9.60000,
,,,-00.000010080000,  -9.80000,
,,,-00.000010060000,  -9.80000,
,,,-00.000010040000, -10.20000,
,,,-00.000010020000, -10.00000,
,,,-00.000010000000, -10.40000,
,,,-00.000009980000, -10.60000,
,,,-00.000009960000, -10.20000,
,,,-00.000009940000, -10.40000,
,,,-00.000009920000, -10.40000,
,,,-00.000009900000, -10.40000,
,,,-00.000009880000, -10.40000,
,,,-00.000009860000, -10.40000,
,,,-00.000009840000, -10.40000,
,,,-00.000009820000, -10.40000,
,,,-00.000009800000, -10.40000,
,,,-00.000009780000, -10.20000,
,,,-00.000009760000, -10.20000,
,,,-00.000009740000, -10.00000,
,,,-00.000009720000,  -9.80000,
,,,-00.000009700000,  -9.80000,
,,,-00.000009680000,  -9.40000,
,,,-00.000009660000,  -9.40000,
,,,-00.000009640000,  -9.20000,
,,,-00.000009620000,  -9.00000,
,,,-00.000009600000,  -8.60000,
,,,-00.000009580000,  -8.40000,
,,,-00.000009560000,  -8.20000,
,,,-00.000009540000,  -7.80000,
,,,-00.000009520000,  -7.60000,
,,,-00.000009500000,  -6.80000,
,,,-00.000009480000,  -7.00000,
,,,-00.000009460000,  -6.80000,
,,,-00.000009440000,  -6.20000,
,,,-00.000009420000,  -6.20000,
,,,-00.000009400000,  -5.60000,
,,,-00.000009380000,  -5.40000,
,,,-00.000009360000,  -5.00000,
,,,-00.000009340000,  -4.40000,
,,,-00.000009320000,  -4.20000,
,,,-00.000009300000,  -3.80000,
,,,-00.000009280000,  -3.40000,
,,,-00.000009260000,  -2.80000,
,,,-00.000009240000,  -2.40000,
,,,-00.000009220000,  -2.20000,
,,,-00.000009200000,  -1.60000,
,,,-00.000009180000,  -1.00000,
,,,-00.000009160000,  -0.60000,
,,,-00.000009140000,  -0.40000,
,,,-00.000009120000,   0.20000,
,,,-00.000009100000,   0.60000,
,,,-00.000009080000,   0.80000,
,,,-00.000009060000,   1.20000,
,,,-00.000009040000,   2.00000,
,,,-00.000009020000,   2.40000,
,,,-00.000009000000,   2.60000,
,,,-00.000008980000,   3.00000,
,,,-00.000008960000,   3.60000,
,,,-00.000008940000,   3.80000,
,,,-00.000008920000,   4.20000,
,,,-00.000008900000,   4.60000,
,,,-00.000008880000,   4.80000,
,,,-00.000008860000,   5.20000,
,,,-00.000008840000,   5.60000,
,,,-00.000008820000,   6.20000,
,,,-00.000008800000,   6.60000,
,,,-00.000008780000,   6.60000,
,,,-00.000008760000,   7.20000,
,,,-00.000008740000,   7.20000,
,,,-00.000008720000,   7.60000,
,,,-00.000008700000,   8.20000,
,,,-00.000008680000,   8.40000,
,,,-00.000008660000,   8.40000,
,,,-00.000008640000,   9.00000,
,,,-00.000008620000,   9.00000,
,,,-00.000008600000,   9.20000,
,,,-00.000008580000,   9.60000,
,,,-00.000008560000,   9.40000,
,,,-00.000008540000,   9.60000,
,,,-00.000008520000,   9.80000,
,,,-00.000008500000,  10.00000,
,,,-00.000008480000,  10.00000,
,,,-00.000008460000,  10.00000,
,,,-00.000008440000,  10.40000,
,,,-00.000008420000,  10.20000,
,,,-00.000008400000,  10.40000,
,,,-00.000008380000,  10.60000,
,,,-00.000008360000,  10.60000,
,,,-00.000008340000,  10.80000,
,,,-00.000008320000,  10.60000,
,,,-00.000008300000,  10.60000,
,,,-00.000008280000,  10.40000,
,,,-00.000008260000,  10.40000,
,,,-00.000008240000,  10.20000,
,,,-00.000008220000,  10.40000,
,,,-00.000008200000,  10.00000,
,,,-00.000008180000,  10.00000,
,,,-00.000008160000,   9.80000,
,,,-00.000008140000,   9.80000,
,,,-00.000008120000,   9.40000,
,,,-00.000008100000,   9.20000,
,,,-00.000008080000,   9.00000,
,,,-00.000008060000,   8.80000,
,,,-00.000008040000,   8.40000,
,,,-00.000008020000,   8.00000,
,,,-00.000008000000,   8.00000,
,,,-00.000007980000,   7.40000,
,,,-00.000007960000,   7.40000,
,,,-00.000007940000,   7.40000,
,,,-00.000007920000,   7.00000,
,,,-00.000007900000,   6.60000,
,,,-00.000007880000,   6.00000,
,,,-00.000007860000,   5.40000,
,,,-00.000007840000,   5.40000,
,,,-00.000007820000,   5.00000,
,,,-00.000007800000,   4.80000,
,,,-00.000007780000,   4.20000,
,,,-00.000007760000,   3.80000,
,,,-00.000007740000,   3.20000,
,,,-00.000007720000,   3.20000,
,,,-00.000007700000,   3.00000,
,,,-00.000007680000,   2.20000,
,,,-00.000007660000,   1.80000,
,,,-00.000007640000,   1.60000,
,,,-00.000007620000,   1.00000,
,,,-00.000007600000,   0.60000,
,,,-00.000007580000,   0.20000,
,,,-00.000007560000,  -0.20000,
,,,-00.000007540000,  -0.60000,
,,,-00.000007520000,  -1.20000,
,,,-00.000007500000,  -1.60000,
,,,-00.000007480000,  -2.20000,
,,,-00.000007460000,  -2.60000,
,,,-00.000007440000,  -2.60000,
,,,-00.000007420000,  -3.00000,
,,,-00.000007400000,  -3.60000,
,,,-00.000007380000,  -4.00000,
,,,-00.000007360000,  -4.20000,
,,,-00.000007340000,  -4.80000,
,,,-00.000007320000,  -5.00000,
,,,-00.000007300000,  -5.60000,
,,,-00.000007280000,  -6.00000,
,,,-00.000007260000,  -6.20000,
,,,-00.000007240000,  -6.80000,
,,,-00.000007220000,  -7.00000,
,,,-00.000007200000,  -7.20000,
,,,-00.000007180000,  -7.60000,
,,,-00.000007160000,  -7.80000,
,,,-00.000007140000,  -8.00000,
,,,-00.000007120000,  -8.60000,
,,,-00.000007100000,  -8.60000,
,,,-00.000007080000,  -8.80000,
,,,-00.000007060000,  -9.20000,
,,,-00.000007040000,  -9.20000,
,,,-00.000007020000,  -9.40000,
,,,-00.000007000000,  -9.80000,
,,,-00.000006980000, -10.00000,
,,,-00.000006960000, -10.00000,
,,,-00.000006940000, -10.00000,
,,,-00.000006920000, -10.20000,
,,,-00.000006900000, -10.20000,
,,,-00.000006880000, -10.40000,
,,,-00.000006860000, -10.20000,
,,,-00.000006840000, -10.40000,
,,,-00.000006820000, -10.40000,
,,,-00.000006800000, -10.60000,
,,,-00.000006780000, -10.20000,
,,,-00.000006760000, -10.60000,
,,,-00.000006740000, -10.60000,
,,,-00.000006720000, -10.20000,
,,,-00.000006700000, -10.20000,
,,,-00.000006680000, -10.20000,
,,,-00.000006660000,  -9.80000,
,,,-00.000006640000, -10.00000,
,,,-00.000006620000,  -9.80000,
,,,-00.000006600000,  -9.60000,
,,,-00.000006580000,  -9.40000,
,,,-00.000006560000,  -9.40000,
,,,-00.000006540000,  -9.00000,
,,,-00.000006520000,  -8.80000,
,,,-00.000006500000,  -9.00000,
,,,-00.000006480000,  -8.20000,
,,,-00.000006460000,  -7.80000,
,,,-00.000006440000,  -7.60000,
,,,-00.000006420000,  -7.40000,
,,,-00.000006400000,  -7.20000,
,,,-00.000006380000,  -6.80000,
,,,-00.000006360000,  -6.60000,
,,,-00.000006340000,  -6.20000,
,,,-00.000006320000,  -6.00000,
,,,-00.000006300000,  -5.60000,
,,,-00.000006280000,  -5.40000,
,,,-00.000006260000,  -4.80000,
,,,-00.000006240000,  -4.20000,
,,,-00.000006220000,  -4.00000,
,,,-00.000006200000,  -3.60000,
,,,-00.000006180000,  -3.00000,
,,,-00.000006160000,  -2.60000,
,,,-00.000006140000,  -2.40000,
,,,-00.000006120000,  -1.80000,
,,,-00.000006100000,  -1.60000,
,,,-00.000006080000,  -1.20000,
,,,-00.000006060000,  -0.60000,
,,,-00.000006040000,  -0.20000,
,,,-00.000006020000,   0.00000,
,,,-00.000006000000,   0.60000,
,,,-00.000005980000,   1.00000,
,,,-00.000005960000,   1.60000,
,,,-00.000005940000,   2.00000,
,,,-00.000005920000,   2.20000,
,,,-00.000005900000,   3.00000,
,,,-00.000005880000,   3.20000,
,,,-00.000005860000,   3.40000,
,,,-00.000005840000,   4.00000,
,,,-00.000005820000,   4.20000,
,,,-00.000005800000,   4.60000,
,,,-00.000005780000,   5.00000,
,,,-00.000005760000,   5.60000,
,,,-00.000005740000,   6.00000,
,,,-00.000005720000,   6.40000,
,,,-00.000005700000,   6.20000,
,,,-00.000005680000,   6.80000,
,,,-00.000005660000,   7.20000,
,,,-00.000005640000,   7.60000,
,,,-00.000005620000,   7.80000,
,,,-00.000005600000,   8.00000,
,,,-00.000005580000,   8.60000,
,,,-00.000005560000,   8.60000,
,,,-00.000005540000,   9.00000,
,,,-00.000005520000,   9.00000,
,,,-00.000005500000,   9.40000,
,,,-00.000005480000,   9.40000,
,,,-00.000005460000,   9.40000,
,,,-00.000005440000,   9.60000,
,,,-00.000005420000,  10.00000,
,,,-00.000005400000,  10.20000,
,,,-00.000005380000,  10.20000,
,,,-00.000005360000,  10.40000,
,,,-00.000005340000,  10.20000,
,,,-00.000005320000,  10.40000,
,,,-00.000005300000,  10.60000,
,,,-00.000005280000,  10.40000,
,,,-00.000005260000,  10.60000,
,,,-00.000005240000,  10.60000,
,,,-00.000005220000,  10.60000,
,,,-00.000005200000,  10.60000,
,,,-00.000005180000,  10.60000,
,,,-00.000005160000,  10.60000,
,,,-00.000005140000,  10.20000,
,,,-00.000005120000,   9.80000,
,,,-00.000005100000,  10.00000,
,,,-00.000005080000,   9.80000,
,,,-00.000005060000,   9.80000,
,,,-00.000005040000,   9.60000,
,,,-00.000005020000,   9.40000,
,,,-00.000005000000,   9.20000,
,,,-00.000004980000,   8.80000,
,,,-00.000004960000,   8.60000,
,,,-00.000004940000,   8.60000,
,,,-00.000004920000,   8.20000,
,,,-00.000004900000,   8.20000,
,,,-00.000004880000,   7.60000,
,,,-00.000004860000,   7.20000,
,,,-00.000004840000,   7.20000,
,,,-00.000004820000,   6.80000,
,,,-00.000004800000,   6.60000,
,,,-00.000004780000,   5.80000,
,,,-00.000004760000,   5.60000,
,,,-00.000004740000,   5.60000,
,,,-00.000004720000,   5.00000,
,,,-00.000004700000,   4.60000,
,,,-00.000004680000,   4.20000,
,,,-00.000004660000,   3.60000,
,,,-00.000004640000,   3.40000,
,,,-00.000004620000,   3.00000,
,,,-00.000004600000,   2.60000,
,,,-00.000004580000,   2.00000,
,,,-00.000004560000,   2.00000,
,,,-00.000004540000,   1.40000,
,,,-00.000004520000,   1.00000,
,,,-00.000004500000,   0.60000,
,,,-00.000004480000,   0.20000,
,,,-00.000004460000,  -0.20000,
,,,-00.000004440000,  -0.60000,
,,,-00.000004420000,  -1.20000,
,,,-00.000004400000,  -1.60000,
,,,-00.000004380000,  -2.00000,
,,,-00.000004360000,  -2.40000,
,,,-00.000004340000,  -3.00000,
,,,-00.000004320000,  -3.40000,
,,,-00.000004300000,  -3.60000,
,,,-00.000004280000,  -4.20000,
,,,-00.000004260000,  -4.40000,
,,,-00.000004240000,  -4.80000,
,,,-00.000004220000,  -5.00000,
,,,-00.000004200000,  -5.40000,
,,,-00.000004180000,  -6.00000,
,,,-00.000004160000,  -6.40000,
,,,-00.000004140000,  -6.60000,
,,,-00.000004120000,  -7.00000,
,,,-00.000004100000,  -7.40000,
,,,-00.000004080000,  -7.40000,
,,,-00.000004060000,  -8.00000,
,,,-00.000004040000,  -8.20000,
,,,-00.000004020000,  -8.20000,
,,,-00.000004000000,  -8.60000,
,,,-00.000003980000,  -8.80000,
,,,-00.000003960000,  -9.00000,
,,,-00.000003940000,  -9.40000,
,,,-00.000003920000,  -9.40000,
,,,-00.000003900000,  -9.60000,
,,,-00.000003880000, -10.00000,
,,,-00.000003860000, -10.00000,
,,,-00.000003840000, -10.00000,
,,,-00.000003820000, -10.20000,
,,,-00.000003800000, -10.20000,
,,,-00.000003780000, -10.20000,
,,,-00.000003760000, -10.40000,
,,,-00.000003740000, -10.20000,
,,,-00.000003720000, -10.40000,
,,,-00.000003700000, -10.40000,
,,,-00.000003680000, -10.60000,
,,,-00.000003660000, -10.40000,
,,,-00.000003640000, -10.40000,
,,,-00.000003620000, -10.40000,
,,,-00.000003600000, -10.20000,
,,,-00.000003580000, -10.20000,
,,,-00.000003560000, -10.20000,
,,,-00.000003540000,  -9.80000,
,,,-00.000003520000,  -9.80000,
,,,-00.000003500000,  -9.60000,
,,,-00.000003480000,  -9.60000,
,,,-00.000003460000,  -9.20000,
,,,-00.000003440000,  -9.00000,
,,,-00.000003420000,  -8.80000,
,,,-00.000003400000,  -8.40000,
,,,-00.000003380000,  -8.40000,
,,,-00.000003360000,  -8.20000,
,,,-00.000003340000,  -8.00000,
,,,-00.000003320000,  -7.60000,
,,,-00.000003300000,  -7.20000,
,,,-00.000003280000,  -6.80000,
,,,-00.000003260000,  -6.60000,
,,,-00.000003240000,  -6.00000,
,,,-00.000003220000,  -5.80000,
,,,-00.000003200000,  -5.60000,
,,,-00.000003180000,  -5.00000,
,,,-00.000003160000,  -4.80000,
,,,-00.000003140000,  -4.40000,
,,,-00.000003120000,  -3.80000,
,,,-00.000003100000,  -3.20000,
,,,-00.000003080000,  -3.00000,
,,,-00.000003060000,  -2.80000,
,,,-00.000003040000,  -2.40000,
,,,-00.000003020000,  -1.80000,
,,,-00.000003000000,  -1.40000,
,,,-00.000002980000,  -1.20000,
,,,-00.000002960000,  -0.60000,
,,,-00.000002940000,  -0.20000,
,,,-00.000002920000,   0.20000,
,,,-00.000002900000,   0.80000,
,,,-00.000002880000,   1.20000,
,,,-00.000002860000,   1.60000,
,,,-00.000002840000,   1.80000,
,,,-00.000002820000,   2.60000,
,,,-00.000002800000,   2.60000,
,,,-00.000002780000,   3.20000,
,,,-00.000002760000,   3.80000,
,,,-00.000002740000,   4.00000,
,,,-00.000002720000,   4.20000,
,,,-00.000002700000,   4.80000,
,,,-00.000002680000,   5.00000,
,,,-00.000002660000,   5.60000,
,,,-00.000002640000,   5.80000,
,,,-00.000002620000,   6.20000,
,,,-00.000002600000,   6.40000,
,,,-00.000002580000,   6.80000,
,,,-00.000002560000,   7.20000,
,,,-00.000002540000,   7.40000,
,,,-00.000002520000,   7.80000,
,,,-00.000002500000,   8.00000,
,,,-00.000002480000,   8.20000,
,,,-00.000002460000,   8.40000,
,,,-00.000002440000,   8.80000,
,,,-00.000002420000,   9.00000,
,,,-00.000002400000,   9.20000,
,,,-00.000002380000,   9.60000,
,,,-00.000002360000,   9.80000,
,,,-00.000002340000,   9.80000,
,,,-00.000002320000,  10.00000,
,,,-00.000002300000,  10.00000,
,,,-00.000002280000,  10.40000,
,,,-00.000002260000,  10.40000,
,,,-00.000002240000,  10.40000,
,,,-00.000002220000,  10.40000,
,,,-00.000002200000,  10.80000,
,,,-00.000002180000,  10.40000,
,,,-00.000002160000,  10.40000,
,,,-00.000002140000,  10.60000,
,,,-00.000002120000,  10.40000,
,,,-00.000002100000,  10.40000,
,,,-00.000002080000,  10.20000,
,,,-00.000002060000,  10.40000,
,,,-00.000002040000,  10.20000,
,,,-00.000002020000,  10.20000,
,,,-00.000002000000,  10.00000,
,,,-00.000001980000,   9.80000,
,,,-00.000001960000,   9.60000,
,,,-00.000001940000,   9.60000,
,,,-00.000001920000,   9.40000,
,,,-00.000001900000,   9.20000,
,,,-00.000001880000,   8.80000,
,,,-00.000001860000,   8.80000,
,,,-00.000001840000,   8.60000,
,,,-00.000001820000,   8.00000,
,,,-00.000001800000,   8.00000,
,,,-00.000001780000,   7.40000,
,,,-00.000001760000,   7.40000,
,,,-00.000001740000,   7.00000,
,,,-00.000001720000,   6.60000,
,,,-00.000001700000,   6.40000,
,,,-00.000001680000,   6.00000,
,,,-00.000001660000,   5.60000,
,,,-00.000001640000,   5.20000,
,,,-00.000001620000,   5.00000,
,,,-00.000001600000,   4.60000,
,,,-00.000001580000,   4.20000,
,,,-00.000001560000,   3.80000,
,,,-00.000001540000,   3.20000,
,,,-00.000001520000,   3.00000,
,,,-00.000001500000,   2.60000,
,,,-00.000001480000,   2.40000,
,,,-00.000001460000,   1.60000,
,,,-00.000001440000,   1.40000,
,,,-00.000001420000,   1.00000,
,,,-00.000001400000,   0.60000,
,,,-00.000001380000,   0.00000,
,,,-00.000001360000,  -0.40000,
,,,-00.000001340000,  -0.80000,
,,,-00.000001320000,  -1.20000,
,,,-00.000001300000,  -1.80000,
,,,-00.000001280000,  -2.20000,
,,,-00.000001260000,  -2.60000,
,,,-00.000001240000,  -3.00000,
,,,-00.000001220000,  -3.60000,
,,,-00.000001200000,  -3.80000,
,,,-00.000001180000,  -4.20000,
,,,-00.000001160000,  -4.60000,
,,,-00.000001140000,  -5.00000,
,,,-00.000001120000,  -5.20000,
,,,-00.000001100000,  -5.40000,
,,,-00.000001080000,  -6.00000,
,,,-00.000001060000,  -6.40000,
,,,-00.000001040000,  -6.80000,
,,,-00.000001020000,  -7.20000,
,,,-00.000001000000,  -7.60000,
,,,-00.000000980000,  -7.80000,
,,,-00.000000960000,  -8.00000,
,,,-00.000000940000,  -8.20000,
,,,-00.000000920000,  -8.40000,
,,,-00.000000900000,  -8.80000,
,,,-00.000000880000,  -8.60000,
,,,-00.000000860000,  -9.20000,
,,,-00.000000840000,  -9.20000,
,,,-00.000000820000,  -9.60000,
,,,-00.000000800000,  -9.60000,
,,,-00.000000780000,  -9.60000,
,,,-00.000000760000,  -9.80000,
,,,-00.000000740000, -10.00000,
,,,-00.000000720000, -10.20000,
,,,-00.000000700000, -10.20000,
,,,-00.000000680000, -10.40000,
,,,-00.000000660000, -10.20000,
,,,-00.000000640000, -10.40000,
,,,-00.000000620000, -10.60000,
,,,-00.000000600000, -10.60000,
,,,-00.000000580000, -10.40000,
,,,-00.000000560000, -10.60000,
,,,-00.000000540000, -10.40000,
,,,-00.000000520000, -10.20000,
,,,-00.000000500000, -10.40000,
,,,-00.000000480000, -10.00000,
,,,-00.000000460000, -10.00000,
,,,-00.000000440000, -10.00000,
,,,-00.000000420000,  -9.60000,
,,,-00.000000400000,  -9.80000,
,,,-00.000000380000,  -9.40000,
,,,-00.000000360000,  -9.40000,
,,,-00.000000340000,  -8.80000,
,,,-00.000000320000,  -9.00000,
,,,-00.000000300000,  -8.40000,
,,,-00.000000280000,  -8.20000,
,,,-00.000000260000,  -7.80000,
,,,-00.000000240000,  -7.60000,
,,,-00.000000220000,  -7.20000,
,,,-00.000000200000,  -7.20000,
,,,-00.000000180000,  -6.80000,
,,,-00.000000160000,  -6.40000,
,,,-00.000000140000,  -6.20000,
,,,-00.000000120000,  -5.80000,
,,,-00.000000100000,  -5.60000,
,,,-00.000000080000,  -5.20000,
,,,-00.000000060000,  -4.60000,
,,,-00.000000040000,  -4.20000,
,,,-00.000000020000,  -3.80000,
,,,-00.000000000000,  -3.40000,
,,,00.000000020000,  -3.20000,
,,,00.000000040000,  -2.60000,
,,,00.000000060000,  -2.40000,
,,,00.000000080000,  -1.60000,
,,,00.000000100000,  -1.20000,
,,,00.000000120000,  -1.00000,
,,,00.000000140000,  -0.40000,
,,,00.000000160000,   0.00000,
,,,00.000000180000,   0.40000,
,,,00.000000200000,   0.80000,
,,,00.000000220000,   1.40000,
,,,00.000000240000,   1.60000,
,,,00.000000260000,   2.00000,
,,,00.000000280000,   2.40000,
,,,00.000000300000,   3.00000,
,,,00.000000320000,   3.20000,
,,,00.000000340000,   3.80000,
,,,00.000000360000,   4.20000,
,,,00.000000380000,   4.60000,
,,,00.000000400000,   4.80000,
,,,00.000000420000,   5.40000,
,,,00.000000440000,   5.60000,
,,,00.000000460000,   6.20000,
,,,00.000000480000,   6.20000,
,,,00.000000500000,   6.80000,
,,,00.000000520000,   6.80000,
,,,00.000000540000,   7.00000,
,,,00.000000560000,   7.60000,
,,,00.000000580000,   8.00000,
,,,00.000000600000,   8.20000,
,,,00.000000620000,   8.40000,
,,,00.000000640000,   8.40000,
,,,00.000000660000,   9.00000,
,,,00.000000680000,   9.00000,
,,,00.000000700000,   9.60000,
,,,00.000000720000,   9.20000,
,,,00.000000740000,   9.60000,
,,,00.000000760000,   9.80000,
,,,00.000000780000,  10.00000,
,,,00.000000800000,  10.00000,
,,,00.000000820000,  10.00000,
,,,00.000000840000,  10.20000,
,,,00.000000860000,  10.40000,
,,,00.000000880000,  10.60000,
,,,00.000000900000,  10.40000,
,,,00.000000920000,  10.40000,
,,,00.000000940000,  10.40000,
,,,00.000000960000,  10.60000,
,,,00.000000980000,  10.20000,
,,,00.000001000000,  10.40000,
,,,00.000001020000,  10.20000,
,,,00.000001040000,  10.20000,
,,,00.000001060000,  10.20000,
,,,00.000001080000,  10.00000,
,,,00.000001100000,  10.20000,
,,,00.000001120000,  10.00000,
,,,00.000001140000,   9.60000,
,,,00.000001160000,   9.20000,
,,,00.000001180000,   9.40000,
,,,00.000001200000,   9.20000,
,,,00.000001220000,   8.80000,
,,,00.000001240000,   8.40000,
,,,00.000001260000,   8.40000,
,,,00.000001280000,   8.00000,
,,,00.000001300000,   7.80000,
,,,00.000001320000,   7.40000,
,,,00.000001340000,   7.20000,
,,,00.000001360000,   7.00000,
,,,00.000001380000,   6.40000,
,,,00.000001400000,   6.40000,
,,,00.000001420000,   6.00000,
,,,00.000001440000,   5.60000,
,,,00.000001460000,   5.00000,
,,,00.000001480000,   4.80000,
,,,00.000001500000,   4.40000,
,,,00.000001520000,   4.00000,
,,,00.000001540000,   3.80000,
,,,00.000001560000,   3.40000,
,,,00.000001580000,   2.80000,
,,,00.000001600000,   2.40000,
,,,00.000001620000,   2.00000,
,,,00.000001640000,   1.60000,
,,,00.000001660000,   1.20000,
,,,00.000001680000,   0.80000,
,,,00.000001700000,   0.20000,
,,,00.000001720000,   0.00000,
,,,00.000001740000,  -0.20000,
,,,00.000001760000,  -0.60000,
,,,00.000001780000,  -1.40000,
,,,00.000001800000,  -1.80000,
,,,00.000001820000,  -2.20000,
,,,00.000001840000,  -2.80000,
,,,00.000001860000,  -3.00000,
,,,00.000001880000,  -3.60000,
,,,00.000001900000,  -3.80000,
,,,00.000001920000,  -4.20000,
,,,00.000001940000,  -4.60000,
,,,00.000001960000,  -5.20000,
,,,00.000001980000,  -5.20000,
,,,00.000002000000,  -5.80000,
,,,00.000002020000,  -6.20000,
,,,00.000002040000,  -6.60000,
,,,00.000002060000,  -6.60000,
,,,00.000002080000,  -7.20000,
,,,00.000002100000,  -7.40000,
,,,00.000002120000,  -7.80000,
,,,00.000002140000,  -7.80000,
,,,00.000002160000,  -8.40000,
,,,00.000002180000,  -8.60000,
,,,00.000002200000,  -8.60000,
,,,00.000002220000,  -9.00000,
,,,00.000002240000,  -9.20000,
,,,00.000002260000,  -9.40000,
,,,00.000002280000,  -9.60000,
,,,00.000002300000,  -9.80000,
,,,00.000002320000, -10.00000,
,,,00.000002340000,  -9.80000,
,,,00.000002360000, -10.00000,
,,,00.000002380000, -10.00000,
,,,00.000002400000, -10.40000,
,,,00.000002420000, -10.40000,
,,,00.000002440000, -10.20000,
,,,00.000002460000, -10.60000,
,,,00.000002480000, -10.20000,
,,,00.000002500000, -10.40000,
,,,00.000002520000, -10.40000,
,,,00.000002540000, -10.40000,
,,,00.000002560000, -10.40000,
,,,00.000002580000, -10.20000,
,,,00.000002600000, -10.40000,
,,,00.000002620000, -10.00000,
,,,00.000002640000,  -9.80000,
,,,00.000002660000,  -9.80000,
,,,00.000002680000,  -9.60000,
,,,00.000002700000,  -9.40000,
,,,00.000002720000,  -9.20000,
,,,00.000002740000,  -9.20000,
,,,00.000002760000,  -8.80000,
,,,00.000002780000,  -8.60000,
,,,00.000002800000,  -8.60000,
,,,00.000002820000,  -8.40000,
,,,00.000002840000,  -7.80000,
,,,00.000002860000,  -7.40000,
,,,00.000002880000,  -7.20000,
,,,00.000002900000,  -7.00000,
,,,00.000002920000,  -6.60000,
,,,00.000002940000,  -6.40000,
,,,00.000002960000,  -6.00000,
,,,00.000002980000,  -5.80000,
,,,00.000003000000,  -5.40000,
,,,00.000003020000,  -5.00000,
,,,00.000003040000,  -4.40000,
,,,00.000003060000,  -4.20000,
,,,00.000003080000,  -3.60000,
,,,00.000003100000,  -3.40000,
,,,00.000003120000,  -2.60000,
,,,00.000003140000,  -2.60000,
,,,00.000003160000,  -2.20000,
,,,00.000003180000,  -1.60000,
,,,00.000003200000,  -1.20000,
,,,00.000003220000,  -0.80000,
,,,00.000003240000,  -0.20000,
,,,00.000003260000,   0.00000,
,,,00.000003280000,   0.60000,
,,,00.000003300000,   0.80000,
,,,00.000003320000,   1.20000,
,,,00.000003340000,   1.60000,
,,,00.000003360000,   2.00000,
,,,00.000003380000,   2.60000,
,,,00.000003400000,   3.00000,
,,,00.000003420000,   3.40000,
,,,00.000003440000,   3.60000,
,,,00.000003460000,   4.20000,
,,,00.000003480000,   4.40000,
,,,00.000003500000,   4.80000,
,,,00.000003520000,   5.20000,
,,,00.000003540000,   5.80000,
,,,00.000003560000,   6.20000,
,,,00.000003580000,   6.40000,
,,,00.000003600000,   6.80000,
,,,00.000003620000,   7.00000,
,,,00.000003640000,   7.40000,
,,,00.000003660000,   7.80000,
,,,00.000003680000,   8.00000,
,,,00.000003700000,   8.20000,
,,,00.000003720000,   8.60000,
,,,00.000003740000,   8.80000,
,,,00.000003760000,   9.00000,
,,,00.000003780000,   9.20000,
,,,00.000003800000,   9.20000,
,,,00.000003820000,   9.60000,
,,,00.000003840000,   9.60000,
,,,00.000003860000,  10.00000,
,,,00.000003880000,  10.20000,
,,,00.000003900000,  10.00000,
,,,00.000003920000,  10.40000,
,,,00.000003940000,  10.40000,
,,,00.000003960000,  10.40000,
,,,00.000003980000,  10.40000,
,,,00.000004000000,  10.60000,
,,,00.000004020000,  10.40000,
,,,00.000004040000,  10.60000,
,,,00.000004060000,  10.60000,
,,,00.000004080000,  10.40000,
,,,00.000004100000,  10.40000,
,,,00.000004120000,  10.40000,
,,,00.000004140000,  10.20000,
,,,00.000004160000,  10.00000,
,,,00.000004180000,  10.40000,
,,,00.000004200000,   9.80000,
,,,00.000004220000,   9.80000,
,,,00.000004240000,   9.60000,
,,,00.000004260000,   9.40000,
,,,00.000004280000,   9.20000,
,,,00.000004300000,   9.00000,
,,,00.000004320000,   8.80000,
,,,00.000004340000,   8.40000,
,,,00.000004360000,   8.20000,
,,,00.000004380000,   8.20000,
,,,00.000004400000,   7.80000,
,,,00.000004420000,   7.40000,
,,,00.000004440000,   7.20000,
,,,00.000004460000,   7.00000,
,,,00.000004480000,   6.40000,
,,,00.000004500000,   6.00000,
,,,00.000004520000,   6.00000,
,,,00.000004540000,   5.40000,
,,,00.000004560000,   5.00000,
,,,00.000004580000,   4.60000,
,,,00.000004600000,   4.40000,
,,,00.000004620000,   3.80000,
,,,00.000004640000,   3.40000,
,,,00.000004660000,   3.20000,
,,,00.000004680000,   2.60000,
,,,00.000004700000,   2.40000,
,,,00.000004720000,   1.80000,
,,,00.000004740000,   1.60000,
,,,00.000004760000,   1.00000,
,,,00.000004780000,   0.60000,
,,,00.000004800000,   0.20000,
,,,00.000004820000,   0.20000,
,,,00.000004840000,  -0.40000,
,,,00.000004860000,  -1.20000,
,,,00.000004880000,  -1.40000,
,,,00.000004900000,  -1.80000,
,,,00.000004920000,  -2.20000,
,,,00.000004940000,  -3.00000,
,,,00.000004960000,  -3.20000,
,,,00.000004980000,  -3.40000,
,,,00.000005000000,  -4.00000,
,,,00.000005020000,  -4.20000,
,,,00.000005040000,  -4.80000,
,,,00.000005060000,  -5.00000,
,,,00.000005080000,  -5.60000,
,,,00.000005100000,  -5.80000,
,,,00.000005120000,  -6.20000,
,,,00.000005140000,  -6.40000,
,,,00.000005160000,  -6.60000,
,,,00.000005180000,  -7.40000,
,,,00.000005200000,  -7.40000,
,,,00.000005220000,  -7.40000,
,,,00.000005240000,  -8.00000,
,,,00.000005260000,  -8.20000,
,,,00.000005280000,  -8.60000,
,,,00.000005300000,  -8.80000,
,,,00.000005320000,  -8.80000,
,,,00.000005340000,  -9.20000,
,,,00.000005360000,  -9.40000,
,,,00.000005380000,  -9.80000,
,,,00.000005400000,  -9.80000,
,,,00.000005420000, -10.00000,
,,,00.000005440000, -10.20000,
,,,00.000005460000, -10.20000,
,,,00.000005480000, -10.40000,
,,,00.000005500000, -10.20000,
,,,00.000005520000, -10.40000,
,,,00.000005540000, -10.60000,
,,,00.000005560000, -10.60000,
,,,00.000005580000, -10.40000,
,,,00.000005600000, -10.40000,
,,,00.000005620000, -10.40000,
,,,00.000005640000, -10.40000,
,,,00.000005660000, -10.40000,
,,,00.000005680000, -10.20000,
,,,00.000005700000, -10.20000,
,,,00.000005720000,  -9.80000,
,,,00.000005740000, -10.00000,
,,,00.000005760000, -10.00000,
,,,00.000005780000,  -9.80000,
,,,00.000005800000,  -9.40000,
,,,00.000005820000,  -9.20000,
,,,00.000005840000,  -9.00000,
,,,00.000005860000,  -9.00000,
,,,00.000005880000,  -8.60000,
,,,00.000005900000,  -8.60000,
,,,00.000005920000,  -8.20000,
,,,00.000005940000,  -8.00000,
,,,00.000005960000,  -7.60000,
,,,00.000005980000,  -7.20000,
,,,00.000006000000,  -7.00000,
,,,00.000006020000,  -6.60000,
,,,00.000006040000,  -6.40000,
,,,00.000006060000,  -6.00000,
,,,00.000006080000,  -5.60000,
,,,00.000006100000,  -5.20000,
,,,00.000006120000,  -5.00000,
,,,00.000006140000,  -4.60000,
,,,00.000006160000,  -4.00000,
,,,00.000006180000,  -3.60000,
,,,00.000006200000,  -3.00000,
,,,00.000006220000,  -3.00000,
,,,00.000006240000,  -2.60000,
,,,00.000006260000,  -2.00000,
,,,00.000006280000,  -1.60000,
,,,00.000006300000,  -0.80000,
,,,00.000006320000,  -0.80000,
,,,00.000006340000,  -0.40000,
,,,00.000006360000,   0.00000,
,,,00.000006380000,   0.40000,
,,,00.000006400000,   1.00000,
,,,00.000006420000,   1.40000,
,,,00.000006440000,   2.00000,
,,,00.000006460000,   2.20000,
,,,00.000006480000,   2.60000,
,,,00.000006500000,   3.20000,
,,,00.000006520000,   3.40000,
,,,00.000006540000,   3.80000,
,,,00.000006560000,   4.00000,
,,,00.000006580000,   4.60000,
,,,00.000006600000,   5.00000,
,,,00.000006620000,   5.40000,
,,,00.000006640000,   5.80000,
,,,00.000006660000,   6.20000,
,,,00.000006680000,   6.40000,
,,,00.000006700000,   6.80000,
,,,00.000006720000,   7.00000,
,,,00.000006740000,   7.40000,
,,,00.000006760000,   7.80000,
,,,00.000006780000,   8.00000,
,,,00.000006800000,   8.40000,
,,,00.000006820000,   8.80000,
,,,00.000006840000,   8.80000,
,,,00.000006860000,   9.00000,
,,,00.000006880000,   9.40000,
,,,00.000006900000,   9.20000,
,,,00.000006920000,   9.60000,
,,,00.000006940000,   9.60000,
,,,00.000006960000,  10.00000,
,,,00.000006980000,  10.00000,
,,,00.000007000000,  10.40000,
,,,00.000007020000,  10.40000,
,,,00.000007040000,  10.60000,
,,,00.000007060000,  10.40000,
,,,00.000007080000,  10.60000,
,,,00.000007100000,  10.20000,
,,,00.000007120000,  10.60000,
,,,00.000007140000,  10.60000,
,,,00.000007160000,  10.40000,
,,,00.000007180000,  10.40000,
,,,00.000007200000,  10.60000,
,,,00.000007220000,  10.40000,
,,,00.000007240000,  10.20000,
,,,00.000007260000,  10.20000,
,,,00.000007280000,  10.00000,
,,,00.000007300000,   9.80000,
,,,00.000007320000,   9.80000,
,,,00.000007340000,   9.80000,
,,,00.000007360000,   9.20000,
,,,00.000007380000,   9.20000,
,,,00.000007400000,   9.00000,
,,,00.000007420000,   8.80000,
,,,00.000007440000,   8.60000,
,,,00.000007460000,   8.60000,
,,,00.000007480000,   7.80000,
,,,00.000007500000,   8.00000,
,,,00.000007520000,   7.40000,
,,,00.000007540000,   7.00000,
,,,00.000007560000,   6.80000,
,,,00.000007580000,   6.40000,
,,,00.000007600000,   6.00000,
,,,00.000007620000,   5.80000,
,,,00.000007640000,   5.40000,
,,,00.000007660000,   5.20000,
,,,00.000007680000,   5.00000,
,,,00.000007700000,   4.40000,
,,,00.000007720000,   3.80000,
,,,00.000007740000,   3.60000,
,,,00.000007760000,   3.00000,
,,,00.000007780000,   2.80000,
,,,00.000007800000,   2.40000,
,,,00.000007820000,   2.00000,
,,,00.000007840000,   1.60000,
,,,00.000007860000,   1.00000,
,,,00.000007880000,   0.60000,
,,,00.000007900000,   0.20000,
,,,00.000007920000,  -0.20000,
,,,00.000007940000,  -0.60000,
,,,00.000007960000,  -1.20000,
,,,00.000007980000,  -1.60000,
,,,00.000008000000,  -2.00000,
,,,00.000008020000,  -2.60000,
,,,00.000008040000,  -2.60000,
,,,00.000008060000,  -3.20000,
,,,00.000008080000,  -3.60000,
,,,00.000008100000,  -4.00000,
,,,00.000008120000,  -4.60000,
,,,00.000008140000,  -4.60000,
,,,00.000008160000,  -5.20000,
,,,00.000008180000,  -5.40000,
,,,00.000008200000,  -6.00000,
,,,00.000008220000,  -6.20000,
,,,00.000008240000,  -6.60000,
,,,00.000008260000,  -7.00000,
,,,00.000008280000,  -7.00000,
,,,00.000008300000,  -7.60000,
,,,00.000008320000,  -7.80000,
,,,00.000008340000,  -8.00000,
,,,00.000008360000,  -8.40000,
,,,00.000008380000,  -8.40000,
,,,00.000008400000,  -9.00000,
,,,00.000008420000,  -8.80000,
,,,00.000008440000,  -9.20000,
,,,00.000008460000,  -9.60000,
,,,00.000008480000,  -9.40000,
,,,00.000008500000,  -9.80000,
,,,00.000008520000, -10.20000,
,,,00.000008540000,  -9.80000,
,,,00.000008560000, -10.20000,
,,,00.000008580000, -10.20000,
,,,00.000008600000, -10.40000,
,,,00.000008620000, -10.20000,
,,,00.000008640000, -10.40000,
,,,00.000008660000, -10.40000,
,,,00.000008680000, -10.40000,
,,,00.000008700000, -10.40000,
,,,00.000008720000, -10.40000,
,,,00.000008740000, -10.60000,
,,,00.000008760000, -10.20000,
,,,00.000008780000, -10.20000,
,,,00.000008800000,  -9.80000,
,,,00.000008820000,  -9.80000,
,,,00.000008840000,  -9.80000,
,,,00.000008860000,  -9.80000,
,,,00.000008880000,  -9.60000,
,,,00.000008900000,  -9.40000,
,,,00.000008920000,  -9.20000,
,,,00.000008940000,  -9.00000,
,,,00.000008960000,  -8.80000,
,,,00.000008980000,  -8.40000,
,,,00.000009000000,  -8.20000,
,,,00.000009020000,  -8.00000,
,,,00.000009040000,  -7.80000,
,,,00.000009060000,  -7.40000,
,,,00.000009080000,  -7.00000,
,,,00.000009100000,  -6.60000,
,,,00.000009120000,  -6.40000,
,,,00.000009140000,  -6.00000,
,,,00.000009160000,  -5.60000,
,,,00.000009180000,  -5.40000,
,,,00.000009200000,  -5.00000,
,,,00.000009220000,  -4.80000,
,,,00.000009240000,  -4.20000,
,,,00.000009260000,  -3.80000,
,,,00.000009280000,  -3.60000,
,,,00.000009300000,  -3.20000,
,,,00.000009320000,  -2.60000,
,,,00.000009340000,  -2.20000,
,,,00.000009360000,  -2.00000,
,,,00.000009380000,  -1.40000,
,,,00.000009400000,  -1.00000,
,,,00.000009420000,  -0.60000,
,,,00.000009440000,  -0.20000,
,,,00.000009460000,   0.20000,
,,,00.000009480000,   0.80000,
,,,00.000009500000,   1.00000,
,,,00.000009520000,   1.40000,
,,,00.000009540000,   2.00000,
,,,00.000009560000,   2.40000,
,,,00.000009580000,   2.80000,
,,,00.000009600000,   3.40000,
,,,00.000009620000,   3.40000,
,,,00.000009640000,   4.20000,
,,,00.000009660000,   4.60000,
,,,00.000009680000,   5.00000,
,,,00.000009700000,   4.80000,
,,,00.000009720000,   5.40000,
,,,00.000009740000,   6.00000,
,,,00.000009760000,   6.00000,
,,,00.000009780000,   6.60000,
,,,00.000009800000,   6.80000,
,,,00.000009820000,   7.40000,
,,,00.000009840000,   7.60000,
,,,00.000009860000,   8.00000,
,,,00.000009880000,   8.00000,
,,,00.000009900000,   8.20000,
,,,00.000009920000,   8.60000,
,,,00.000009940000,   8.80000,
,,,00.000009960000,   9.00000,
,,,00.000009980000,   9.20000,
,,,00.000010000000,   9.20000,
,,,00.000010020000,   9.60000,
,,,00.000010040000,   9.80000,
,,,00.000010060000,  10.00000,
,,,00.000010080000,  10.00000,
,,,00.000010100000,  10.40000,
,,,00.000010120000,  10.60000,
,,,00.000010140000,  10.40000,
,,,00.000010160000,  10.40000,
,,,00.000010180000,  10.40000,
,,,00.000010200000,  10.40000,
,,,00.000010220000,  10.80000,
,,,00.000010240000,  10.60000,
,,,00.000010260000,  10.80000,
,,,00.000010280000,  10.40000,
,,,00.000010300000,  10.20000,
,,,00.000010320000,  10.40000,
,,,00.000010340000,  10.20000,
,,,00.000010360000,  10.00000,
,,,00.000010380000,  10.20000,
,,,00.000010400000,   9.80000,
,,,00.000010420000,   9.80000,
,,,00.000010440000,   9.60000,
,,,00.000010460000,   9.60000,
,,,00.000010480000,   9.20000,
,,,00.000010500000,   9.00000,
,,,00.000010520000,   8.80000,
,,,00.000010540000,   8.40000,
,,,00.000010560000,   8.20000,
,,,00.000010580000,   8.00000,
,,,00.000010600000,   7.60000,
,,,00.000010620000,   7.40000,
,,,00.000010640000,   7.20000,
,,,00.000010660000,   6.80000,
,,,00.000010680000,   6.60000,
,,,00.000010700000,   6.00000,
,,,00.000010720000,   5.60000,
,,,00.000010740000,   5.40000,
,,,00.000010760000,   5.20000,
,,,00.000010780000,   4.60000,
,,,00.000010800000,   4.20000,
,,,00.000010820000,   3.60000,
,,,00.000010840000,   3.40000,
,,,00.000010860000,   3.00000,
,,,00.000010880000,   2.60000,
,,,00.000010900000,   2.20000,
,,,00.000010920000,   2.00000,
,,,00.000010940000,   1.20000,
,,,00.000010960000,   0.80000,
,,,00.000010980000,   0.60000,
,,,00.000011000000,   0.20000,
,,,00.000011020000,  -0.40000,
,,,00.000011040000,  -0.80000,
,,,00.000011060000,  -1.40000,
,,,00.000011080000,  -1.60000,
,,,00.000011100000,  -2.00000,
,,,00.000011120000,  -2.40000,
,,,00.000011140000,  -2.60000,
,,,00.000011160000,  -3.20000,
,,,00.000011180000,  -3.60000,
,,,00.000011200000,  -4.20000,
,,,00.000011220000,  -4.40000,
,,,00.000011240000,  -4.80000,
,,,00.000011260000,  -5.20000,
,,,00.000011280000,  -5.80000,
,,,00.000011300000,  -5.80000,
,,,00.000011320000,  -6.40000,
,,,00.000011340000,  -6.80000,
,,,00.000011360000,  -7.20000,
,,,00.000011380000,  -7.40000,
,,,00.000011400000,  -7.60000,
,,,00.000011420000,  -7.80000,
,,,00.000011440000,  -8.20000,
,,,00.000011460000,  -8.40000,
,,,00.000011480000,  -8.80000,
,,,00.000011500000,  -9.00000,
,,,00.000011520000,  -9.20000,
,,,00.000011540000,  -9.40000,
,,,00.000011560000,  -9.60000,
,,,00.000011580000,  -9.60000,
,,,00.000011600000,  -9.80000,
,,,00.000011620000,  -9.60000,
,,,00.000011640000, -10.00000,
,,,00.000011660000, -10.20000,
,,,00.000011680000, -10.20000,
,,,00.000011700000, -10.40000,
,,,00.000011720000, -10.40000,
,,,00.000011740000, -10.40000,
,,,00.000011760000, -10.40000,
,,,00.000011780000, -10.40000,
,,,00.000011800000, -10.40000,
,,,00.000011820000, -10.40000,
,,,00.000011840000, -10.40000,
,,,00.000011860000, -10.40000,
,,,00.000011880000, -10.40000,
,,,00.000011900000, -10.20000,
,,,00.000011920000, -10.00000,
,,,00.000011940000, -10.00000,
,,,00.000011960000,  -9.80000,
,,,00.000011980000,  -9.60000,
,,,00.000012000000,  -9.40000,
,,,00.000012020000,  -9.20000,
,,,00.000012040000,  -9.20000,
,,,00.000012060000,  -8.80000,
,,,00.000012080000,  -8.60000,
,,,00.000012100000,  -8.20000,
,,,00.000012120000,  -8.20000,
,,,00.000012140000,  -7.80000,
,,,00.000012160000,  -7.40000,
,,,00.000012180000,  -7.20000,
,,,00.000012200000,  -6.80000,
,,,00.000012220000,  -6.60000,
,,,00.000012240000,  -6.00000,
,,,00.000012260000,  -5.80000,
,,,00.000012280000,  -5.40000,
,,,00.000012300000,  -5.20000,
,,,00.000012320000,  -4.80000,
,,,00.000012340000,  -4.40000,
,,,00.000012360000,  -4.00000,
,,,00.000012380000,  -3.40000,
,,,00.000012400000,  -3.00000,
,,,00.000012420000,  -2.60000,
,,,00.000012440000,  -2.20000,
,,,00.000012460000,  -2.00000,
,,,00.000012480000,  -1.60000,
,,,00.000012500000,  -1.20000,
,,,00.000012520000,  -0.60000,
,,,00.000012540000,  -0.20000,
,,,00.000012560000,   0.00000,
,,,00.000012580000,   0.60000,
,,,00.000012600000,   1.00000,
,,,00.000012620000,   1.60000,
,,,00.000012640000,   2.00000,
,,,00.000012660000,   2.40000,
,,,00.000012680000,   2.60000,
,,,00.000012700000,   3.00000,
,,,00.000012720000,   3.60000,
,,,00.000012740000,   3.80000,
,,,00.000012760000,   4.40000,
,,,00.000012780000,   4.80000,
,,,00.000012800000,   4.80000,
,,,00.000012820000,   5.40000,
,,,00.000012840000,   5.80000,
,,,00.000012860000,   6.20000,
,,,00.000012880000,   6.60000,
,,,00.000012900000,   7.00000,
,,,00.000012920000,   7.20000,
,,,00.000012940000,   7.80000,
,,,00.000012960000,   7.80000,
,,,00.000012980000,   8.20000,
,,,00.000013000000,   8.40000,
,,,00.000013020000,   8.80000,
,,,00.000013040000,   8.60000,
,,,00.000013060000,   8.80000,
,,,00.000013080000,   9.40000,
,,,00.000013100000,   9.40000,
,,,00.000013120000,   9.80000,
,,,00.000013140000,   9.80000,
,,,00.000013160000,   9.80000,
,,,00.000013180000,  10.00000,
,,,00.000013200000,  10.20000,
,,,00.000013220000,  10.20000,
,,,00.000013240000,  10.20000,
,,,00.000013260000,  10.40000,
,,,00.000013280000,  10.40000,
,,,00.000013300000,  10.60000,
,,,00.000013320000,  10.20000,
,,,00.000013340000,  10.40000,
,,,00.000013360000,  10.40000,
,,,00.000013380000,  10.40000,
,,,00.000013400000,  10.60000,
,,,00.000013420000,  10.20000,
,,,00.000013440000,  10.20000,
,,,00.000013460000,  10.00000,
,,,00.000013480000,  10.00000,
,,,00.000013500000,   9.80000,
,,,00.000013520000,   9.80000,
,,,00.000013540000,   9.60000,
,,,00.000013560000,   9.60000,
,,,00.000013580000,   9.00000,
,,,00.000013600000,   9.20000,
,,,00.000013620000,   9.00000,
,,,00.000013640000,   8.60000,
,,,00.000013660000,   8.00000,
,,,00.000013680000,   7.80000,
,,,00.000013700000,   7.60000,
,,,00.000013720000,   7.40000,
,,,00.000013740000,   7.00000,
,,,00.000013760000,   6.60000,
,,,00.000013780000,   6.40000,
,,,00.000013800000,   6.00000,
,,,00.000013820000,   5.40000,
,,,00.000013840000,   5.20000,
,,,00.000013860000,   5.00000,
,,,00.000013880000,   4.40000,
,,,00.000013900000,   4.20000,
,,,00.000013920000,   3.80000,
,,,00.000013940000,   3.20000,
,,,00.000013960000,   2.80000,
,,,00.000013980000,   2.40000,
,,,00.000014000000,   2.20000,
,,,00.000014020000,   1.60000,
,,,00.000014040000,   1.20000,
,,,00.000014060000,   1.00000,
,,,00.000014080000,   0.60000,
,,,00.000014100000,  -0.20000,
,,,00.000014120000,  -0.40000,
,,,00.000014140000,  -0.60000,
,,,00.000014160000,  -1.40000,
,,,00.000014180000,  -1.80000,
,,,00.000014200000,  -2.20000,
,,,00.000014220000,  -2.60000,
,,,00.000014240000,  -3.00000,
,,,00.000014260000,  -3.20000,
,,,00.000014280000,  -3.80000,
,,,00.000014300000,  -4.20000,
,,,00.000014320000,  -4.80000,
,,,00.000014340000,  -5.00000,
,,,00.000014360000,  -5.20000,
,,,00.000014380000,  -5.60000,
,,,00.000014400000,  -6.20000,
,,,00.000014420000,  -6.20000,
,,,00.000014440000,  -6.80000,
,,,00.000014460000,  -7.00000,
,,,00.000014480000,  -7.40000,
,,,00.000014500000,  -7.40000,
,,,00.000014520000,  -7.80000,
,,,00.000014540000,  -8.00000,
,,,00.000014560000,  -8.20000,
,,,00.000014580000,  -8.60000,
,,,00.000014600000,  -9.00000,
,,,00.000014620000,  -9.20000,
,,,00.000014640000,  -9.20000,
,,,00.000014660000,  -9.40000,
,,,00.000014680000,  -9.60000,
,,,00.000014700000, -10.00000,
,,,00.000014720000, -10.20000,
,,,00.000014740000, -10.00000,
,,,00.000014760000, -10.00000,
,,,00.000014780000, -10.40000,
,,,00.000014800000, -10.60000,
,,,00.000014820000, -10.60000,
,,,00.000014840000, -10.40000,
,,,00.000014860000, -10.60000,
,,,00.000014880000, -10.60000,
,,,00.000014900000, -10.60000,
,,,00.000014920000, -10.40000,
,,,00.000014940000, -10.40000,
,,,00.000014960000, -10.20000,
,,,00.000014980000, -10.20000,
,,,00.000015000000, -10.00000,
,,,00.000015020000, -10.00000,
,,,00.000015040000, -10.00000,
,,,00.000015060000,  -9.60000,
,,,00.000015080000,  -9.80000,
,,,00.000015100000,  -9.60000,
,,,00.000015120000,  -9.00000,
,,,00.000015140000,  -9.00000,
,,,00.000015160000,  -8.80000,
,,,00.000015180000,  -8.40000,
,,,00.000015200000,  -8.20000,
,,,00.000015220000,  -8.20000,
,,,00.000015240000,  -7.60000,
,,,00.000015260000,  -7.60000,
,,,00.000015280000,  -7.00000,
,,,00.000015300000,  -6.80000,
,,,00.000015320000,  -6.40000,
,,,00.000015340000,  -6.00000,
,,,00.000015360000,  -5.80000,
,,,00.000015380000,  -5.40000,
,,,00.000015400000,  -5.20000,
,,,00.000015420000,  -4.40000,
,,,00.000015440000,  -4.20000,
,,,00.000015460000,  -3.80000,
,,,00.000015480000,  -3.40000,
,,,00.000015500000,  -3.00000,
,,,00.000015520000,  -2.60000,
,,,00.000015540000,  -2.00000,
,,,00.000015560000,  -1.80000,
,,,00.000015580000,  -1.20000,
,,,00.000015600000,  -0.80000,
,,,00.000015620000,  -0.40000,
,,,00.000015640000,   0.20000,
,,,00.000015660000,   0.40000,
,,,00.000015680000,   0.80000,
,,,00.000015700000,   1.40000,
,,,00.000015720000,   1.60000,
,,,00.000015740000,   2.20000,
,,,00.000015760000,   2.40000,
,,,00.000015780000,   2.80000,
,,,00.000015800000,   3.20000,
,,,00.000015820000,   3.80000,
,,,00.000015840000,   4.00000,
,,,00.000015860000,   4.40000,
,,,00.000015880000,   5.00000,
,,,00.000015900000,   5.00000,
,,,00.000015920000,   5.80000,
,,,00.000015940000,   6.00000,
,,,00.000015960000,   6.40000,
,,,00.000015980000,   6.60000,
,,,00.000016000000,   7.00000,
,,,00.000016020000,   7.20000,
,,,00.000016040000,   7.80000,
,,,00.000016060000,   8.00000,
,,,00.000016080000,   8.00000,
,,,00.000016100000,   8.40000,
,,,00.000016120000,   8.80000,
,,,00.000016140000,   9.00000,
,,,00.000016160000,   9.20000,
,,,00.000016180000,   9.40000,
,,,00.000016200000,   9.60000,
,,,00.000016220000,   9.80000,
,,,00.000016240000,   9.80000,
,,,00.000016260000,  10.00000,
,,,00.000016280000,  10.00000,
,,,00.000016300000,  10.20000,
,,,00.000016320000,  10.40000,
,,,00.000016340000,  10.40000,
,,,00.000016360000,  10.40000,
,,,00.000016380000,  10.40000,
,,,00.000016400000,  10.60000,
,,,00.000016420000,  10.60000,
,,,00.000016440000,  10.40000,
,,,00.000016460000,  10.40000,
,,,00.000016480000,  10.40000,
,,,00.000016500000,  10.40000,
,,,00.000016520000,  10.40000,
,,,00.000016540000,  10.20000,
,,,00.000016560000,  10.00000,
,,,00.000016580000,  10.00000,
,,,00.000016600000,   9.80000,
,,,00.000016620000,   9.60000,
,,,00.000016640000,   9.40000,
,,,00.000016660000,   9.20000,
,,,00.000016680000,   9.00000,
,,,00.000016700000,   8.80000,
,,,00.000016720000,   8.60000,
,,,00.000016740000,   8.40000,
,,,00.000016760000,   8.00000,
,,,00.000016780000,   7.80000,
,,,00.000016800000,   7.40000,
,,,00.000016820000,   7.20000,
,,,00.000016840000,   6.80000,
,,,00.000016860000,   6.60000,
,,,00.000016880000,   6.20000,
,,,00.000016900000,   6.00000,
,,,00.000016920000,   5.60000,
,,,00.000016940000,   5.40000,
,,,00.000016960000,   5.00000,
,,,00.000016980000,   4.80000,
,,,00.000017000000,   3.80000,
,,,00.000017020000,   3.80000,
,,,00.000017040000,   3.40000,
,,,00.000017060000,   3.20000,
,,,00.000017080000,   2.20000,
,,,00.000017100000,   2.20000,
,,,00.000017120000,   1.60000,
,,,00.000017140000,   1.40000,
,,,00.000017160000,   0.80000,
,,,00.000017180000,   0.60000,
,,,00.000017200000,   0.00000,
,,,00.000017220000,  -0.40000,
,,,00.000017240000,  -0.80000,
,,,00.000017260000,  -1.20000,
,,,00.000017280000,  -1.80000,
,,,00.000017300000,  -2.20000,
,,,00.000017320000,  -2.60000,
,,,00.000017340000,  -3.20000,
,,,00.000017360000,  -3.40000,
,,,00.000017380000,  -4.00000,
,,,00.000017400000,  -4.00000,
,,,00.000017420000,  -4.80000,
,,,00.000017440000,  -5.00000,
,,,00.000017460000,  -5.20000,
,,,00.000017480000,  -5.80000,
,,,00.000017500000,  -6.20000,
,,,00.000017520000,  -6.20000,
,,,00.000017540000,  -6.80000,
,,,00.000017560000,  -7.00000,
,,,00.000017580000,  -7.20000,
,,,00.000017600000,  -7.40000,
,,,00.000017620000,  -8.20000,
,,,00.000017640000,  -8.40000,
,,,00.000017660000,  -8.60000,
,,,00.000017680000,  -8.80000,
,,,00.000017700000,  -9.00000,
,,,00.000017720000,  -9.20000,
,,,00.000017740000,  -9.40000,
,,,00.000017760000,  -9.60000,
,,,00.000017780000,  -9.80000,
,,,00.000017800000,  -9.80000,
,,,00.000017820000, -10.00000,
,,,00.000017840000, -10.20000,
,,,00.000017860000, -10.00000,
,,,00.000017880000, -10.20000,
,,,00.000017900000, -10.40000,
,,,00.000017920000, -10.40000,
,,,00.000017940000, -10.40000,
,,,00.000017960000, -10.40000,
,,,00.000017980000, -10.20000,
,,,00.000018000000, -10.60000,
,,,00.000018020000, -10.40000,
,,,00.000018040000, -10.20000,
,,,00.000018060000, -10.40000,
,,,00.000018080000, -10.20000,
,,,00.000018100000, -10.20000,
,,,00.000018120000, -10.00000,
,,,00.000018140000,  -9.80000,
,,,00.000018160000,  -9.80000,
,,,00.000018180000,  -9.40000,
,,,00.000018200000,  -9.20000,
,,,00.000018220000,  -9.00000,
,,,00.000018240000,  -8.80000,
,,,00.000018260000,  -8.80000,
,,,00.000018280000,  -8.40000,
,,,00.000018300000,  -8.20000,
,,,00.000018320000,  -7.60000,
,,,00.000018340000,  -7.40000,
,,,00.000018360000,  -7.60000,
,,,00.000018380000,  -6.80000,
,,,00.000018400000,  -6.80000,
,,,00.000018420000,  -6.20000,
,,,00.000018440000,  -6.00000,
,,,00.000018460000,  -5.60000,
,,,00.000018480000,  -5.40000,
,,,00.000018500000,  -5.00000,
,,,00.000018520000,  -4.40000,
,,,00.000018540000,  -4.20000,
,,,00.000018560000,  -3.40000,
,,,00.000018580000,  -3.40000,
,,,00.000018600000,  -2.80000,
,,,00.000018620000,  -2.60000,
,,,00.000018640000,  -1.80000,
,,,00.000018660000,  -1.80000,
,,,00.000018680000,  -1.40000,
,,,00.000018700000,  -0.60000,
,,,00.000018720000,  -0.40000,
,,,00.000018740000,   0.00000,
,,,00.000018760000,   0.40000,
,,,00.000018780000,   0.80000,
,,,00.000018800000,   1.20000,
,,,00.000018820000,   1.60000,
,,,00.000018840000,   2.00000,
,,,00.000018860000,   2.60000,
,,,00.000018880000,   2.80000,
,,,00.000018900000,   3.40000,
,,,00.000018920000,   3.80000,
,,,00.000018940000,   4.20000,
,,,00.000018960000,   4.60000,
,,,00.000018980000,   4.80000,
,,,00.000019000000,   5.20000,
,,,00.000019020000,   5.80000,
,,,00.000019040000,   6.00000,
,,,00.000019060000,   6.40000,
,,,00.000019080000,   6.80000,
,,,00.000019100000,   7.00000,
,,,00.000019120000,   7.40000,
,,,00.000019140000,   7.60000,
,,,00.000019160000,   7.80000,
,,,00.000019180000,   8.20000,
,,,00.000019200000,   8.40000,
,,,00.000019220000,   8.60000,
,,,00.000019240000,   8.80000,
,,,00.000019260000,   9.20000,
,,,00.000019280000,   9.40000,
,,,00.000019300000,   9.40000,
,,,00.000019320000,   9.80000,
,,,00.000019340000,  10.00000,
,,,00.000019360000,  10.00000,
,,,00.000019380000,  10.40000,
,,,00.000019400000,  10.20000,
,,,00.000019420000,  10.40000,
,,,00.000019440000,  10.40000,
,,,00.000019460000,  10.60000,
,,,00.000019480000,  10.40000,
,,,00.000019500000,  10.80000,
,,,00.000019520000,  10.40000,
,,,00.000019540000,  10.60000,
,,,00.000019560000,  10.60000,
,,,00.000019580000,  10.60000,
,,,00.000019600000,  10.20000,
,,,00.000019620000,  10.40000,
,,,00.000019640000,  10.40000,
,,,00.000019660000,  10.00000,
,,,00.000019680000,   9.80000,
,,,00.000019700000,   9.80000,
,,,00.000019720000,   9.60000,
,,,00.000019740000,   9.40000,
,,,00.000019760000,   9.20000,
,,,00.000019780000,   9.00000,
,,,00.000019800000,   8.80000,
,,,00.000019820000,   8.40000,
,,,00.000019840000,   8.20000,
,,,00.000019860000,   8.00000,
,,,00.000019880000,   7.80000,
,,,00.000019900000,   7.40000,
,,,00.000019920000,   7.20000,
,,,00.000019940000,   7.00000,
,,,00.000019960000,   6.40000,
,,,00.000019980000,   6.00000,
,,,00.000020000000,   5.80000,
,,,00.000020020000,   5.60000,
,,,00.000020040000,   5.00000,
,,,00.000020060000,   4.60000,
,,,00.000020080000,   4.20000,
,,,00.000020100000,   4.00000,
,,,00.000020120000,   3.40000,
,,,00.000020140000,   3.20000,
,,,00.000020160000,   2.80000,
,,,00.000020180000,   2.20000,
,,,00.000020200000,   2.00000,
,,,00.000020220000,   1.60000,
,,,00.000020240000,   1.00000,
,,,00.000020260000,   0.60000,
,,,00.000020280000,   0.40000,
,,,00.000020300000,   0.00000,
,,,00.000020320000,  -0.40000,
,,,00.000020340000,  -1.00000,
,,,00.000020360000,  -1.40000,
,,,00.000020380000,  -2.00000,
,,,00.000020400000,  -2.20000,
,,,00.000020420000,  -2.80000,
,,,00.000020440000,  -3.20000,
,,,00.000020460000,  -3.40000,
,,,00.000020480000,  -3.80000,
,,,00.000020500000,  -4.20000,
,,,00.000020520000,  -4.60000,
,,,00.000020540000,  -5.00000,
,,,00.000020560000,  -5.40000,
,,,00.000020580000,  -5.40000,
,,,00.000020600000,  -6.20000,
,,,00.000020620000,  -6.40000,
,,,00.000020640000,  -6.80000,
,,,00.000020660000,  -7.00000,
,,,00.000020680000,  -7.40000,
,,,00.000020700000,  -7.80000,
,,,00.000020720000,  -8.00000,
,,,00.000020740000,  -8.40000,
,,,00.000020760000,  -8.40000,
,,,00.000020780000,  -8.60000,
,,,00.000020800000,  -9.00000,
,,,00.000020820000,  -9.20000,
,,,00.000020840000,  -9.40000,
,,,00.000020860000,  -9.40000,
,,,00.000020880000,  -9.80000,
,,,00.000020900000,  -9.80000,
,,,00.000020920000, -10.00000,
,,,00.000020940000, -10.20000,
,,,00.000020960000, -10.40000,
,,,00.000020980000, -10.40000,
,,,00.000021000000, -10.40000,
,,,00.000021020000, -10.20000,
,,,00.000021040000, -10.20000,
,,,00.000021060000, -10.20000,
,,,00.000021080000, -10.60000,
,,,00.000021100000, -10.40000,
,,,00.000021120000, -10.40000,
,,,00.000021140000, -10.40000,
,,,00.000021160000, -10.40000,
,,,00.000021180000, -10.00000,
,,,00.000021200000, -10.20000,
,,,00.000021220000, -10.00000,
,,,00.000021240000,  -9.80000,
,,,00.000021260000,  -9.60000,
,,,00.000021280000,  -9.60000,
,,,00.000021300000,  -9.20000,
,,,00.000021320000,  -9.00000,
,,,00.000021340000,  -9.00000,
,,,00.000021360000,  -8.60000,
,,,00.000021380000,  -8.40000,
,,,00.000021400000,  -8.20000,
,,,00.000021420000,  -8.00000,
,,,00.000021440000,  -7.60000,
,,,00.000021460000,  -7.40000,
,,,00.000021480000,  -6.80000,
,,,00.000021500000,  -6.80000,
,,,00.000021520000,  -6.00000,
,,,00.000021540000,  -5.80000,
,,,00.000021560000,  -5.40000,
,,,00.000021580000,  -5.40000,
,,,00.000021600000,  -4.80000,
,,,00.000021620000,  -4.40000,
,,,00.000021640000,  -4.00000,
,,,00.000021660000,  -3.60000,
,,,00.000021680000,  -3.20000,
,,,00.000021700000,  -2.80000,
,,,00.000021720000,  -2.40000,
,,,00.000021740000,  -1.80000,
,,,00.000021760000,  -1.60000,
,,,00.000021780000,  -1.20000,
,,,00.000021800000,  -0.80000,
,,,00.000021820000,   0.00000,
,,,00.000021840000,   0.00000,
,,,00.000021860000,   0.40000,
,,,00.000021880000,   0.80000,
,,,00.000021900000,   1.40000,
,,,00.000021920000,   1.80000,
,,,00.000021940000,   2.20000,
,,,00.000021960000,   2.60000,
,,,00.000021980000,   2.80000,
,,,00.000022000000,   3.40000,
,,,00.000022020000,   3.60000,
,,,00.000022040000,   4.00000,
,,,00.000022060000,   4.60000,
,,,00.000022080000,   5.00000,
,,,00.000022100000,   5.20000,
,,,00.000022120000,   5.60000,
,,,00.000022140000,   6.20000,
,,,00.000022160000,   6.60000,
,,,00.000022180000,   6.60000,
,,,00.000022200000,   7.20000,
,,,00.000022220000,   7.40000,
,,,00.000022240000,   7.80000,
,,,00.000022260000,   8.00000,
,,,00.000022280000,   8.40000,
,,,00.000022300000,   8.40000,
,,,00.000022320000,   8.60000,
,,,00.000022340000,   9.20000,
,,,00.000022360000,   9.20000,
,,,00.000022380000,   9.40000,
,,,00.000022400000,   9.40000,
,,,00.000022420000,   9.60000,
,,,00.000022440000,   9.80000,
,,,00.000022460000,   9.80000,
,,,00.000022480000,  10.20000,
,,,00.000022500000,  10.40000,
,,,00.000022520000,  10.40000,
,,,00.000022540000,  10.40000,
,,,00.000022560000,  10.40000,
,,,00.000022580000,  10.40000,
,,,00.000022600000,  10.40000,
,,,00.000022620000,  10.40000,
,,,00.000022640000,  10.60000,
,,,00.000022660000,  10.60000,
,,,00.000022680000,  10.40000,
,,,00.000022700000,  10.40000,
,,,00.000022720000,  10.20000,
,,,00.000022740000,  10.20000,
,,,00.000022760000,  10.00000,
,,,00.000022780000,   9.80000,
,,,00.000022800000,   9.60000,
,,,00.000022820000,   9.60000,
,,,00.000022840000,   9.40000,
,,,00.000022860000,   9.40000,
,,,00.000022880000,   9.00000,
,,,00.000022900000,   8.80000,
,,,00.000022920000,   8.60000,
,,,00.000022940000,   8.20000,
,,,00.000022960000,   7.80000,
,,,00.000022980000,   7.80000,
,,,00.000023000000,   7.60000,
,,,00.000023020000,   7.20000,
,,,00.000023040000,   6.60000,
,,,00.000023060000,   6.60000,
,,,00.000023080000,   6.20000,
,,,00.000023100000,   5.60000,
,,,00.000023120000,   5.40000,
,,,00.000023140000,   5.00000,
,,,00.000023160000,   4.60000,
,,,00.000023180000,   4.20000,
,,,00.000023200000,   3.80000,
,,,00.000023220000,   3.40000,
,,,00.000023240000,   3.00000,
,,,00.000023260000,   2.80000,
,,,00.000023280000,   2.40000,
,,,00.000023300000,   2.00000,
,,,00.000023320000,   1.40000,
,,,00.000023340000,   0.80000,
,,,00.000023360000,   0.60000,
,,,00.000023380000,   0.20000,
,,,00.000023400000,  -0.40000,
,,,00.000023420000,  -0.80000,
,,,00.000023440000,  -1.20000,
,,,00.000023460000,  -1.40000,
,,,00.000023480000,  -1.80000,
,,,00.000023500000,  -2.40000,
,,,00.000023520000,  -2.60000,
,,,00.000023540000,  -3.20000,
,,,00.000023560000,  -3.80000,
,,,00.000023580000,  -4.20000,
,,,00.000023600000,  -4.60000,
,,,00.000023620000,  -5.00000,
,,,00.000023640000,  -5.40000,
,,,00.000023660000,  -5.60000,
,,,00.000023680000,  -6.20000,
,,,00.000023700000,  -6.40000,
,,,00.000023720000,  -6.60000,
,,,00.000023740000,  -7.00000,
,,,00.000023760000,  -7.20000,
,,,00.000023780000,  -7.60000,
,,,00.000023800000,  -7.80000,
,,,00.000023820000,  -8.20000,
,,,00.000023840000,  -8.40000,
,,,00.000023860000,  -8.60000,
,,,00.000023880000,  -8.80000,
,,,00.000023900000,  -9.20000,
,,,00.000023920000,  -9.40000,
,,,00.000023940000,  -9.40000,
,,,00.000023960000,  -9.80000,
,,,00.000023980000,  -9.80000,
,,,00.000024000000, -10.20000,
,,,00.000024020000, -10.20000,
,,,00.000024040000, -10.40000,
,,,00.000024060000, -10.40000,
,,,00.000024080000, -10.40000,
,,,00.000024100000, -10.40000,
,,,00.000024120000, -10.00000,
,,,00.000024140000, -10.80000,
,,,00.000024160000, -10.60000,
,,,00.000024180000, -10.60000,
,,,00.000024200000, -10.60000,
,,,00.000024220000, -10.40000,
,,,00.000024240000, -10.60000,
,,,00.000024260000, -10.00000,
,,,00.000024280000, -10.20000,
,,,00.000024300000, -10.20000,
,,,00.000024320000,  -9.60000,
,,,00.000024340000,  -9.80000,
,,,00.000024360000,  -9.80000,
,,,00.000024380000,  -9.60000,
,,,00.000024400000,  -9.40000,
,,,00.000024420000,  -9.20000,
,,,00.000024440000,  -9.00000,
,,,00.000024460000,  -8.60000,
,,,00.000024480000,  -8.20000,
,,,00.000024500000,  -8.20000,
,,,00.000024520000,  -7.80000,
,,,00.000024540000,  -7.40000,
,,,00.000024560000,  -7.20000,
,,,00.000024580000,  -6.80000,
,,,00.000024600000,  -6.60000,
,,,00.000024620000,  -6.20000,
,,,00.000024640000,  -5.80000,
,,,00.000024660000,  -5.40000,
,,,00.000024680000,  -5.20000,
,,,00.000024700000,  -4.80000,
,,,00.000024720000,  -4.40000,
,,,00.000024740000,  -4.00000,
,,,00.000024760000,  -3.60000,
,,,00.000024780000,  -3.20000,
,,,00.000024800000,  -2.80000,
,,,00.000024820000,  -2.00000,
,,,00.000024840000,  -1.80000,
,,,00.000024860000,  -1.20000,
,,,00.000024880000,  -1.20000,
,,,00.000024900000,  -0.40000,
,,,00.000024920000,  -0.20000,
,,,00.000024940000,   0.20000,
,,,00.000024960000,   0.80000,
,,,00.000024980000,   1.00000,
